{
	"_comment": "This is a trace for SQL statement: SELECT\n  *\nFROM\n  users\nWHERE\n  last_name = 'Doe' AND created_at \u003e= '2025-01-01'\nORDER BY\n  create_at DESC\nLIMIT\n  25\nThis trace can be imported into Jaeger for visualization. From the Jaeger Search screen, select the JSON File.\nJaeger can be started using docker with: docker run -d --name jaeger -p 16686:16686 jaegertracing/all-in-one:1.17\nThe UI can then be accessed at http://localhost:16686/search",
	"data": [
		{
			"traceID": "2195832726102170191",
			"spans": [
				{
					"traceID": "2195832726102170191",
					"spanID": "3880792360608498263",
					"operationName": "traced statement",
					"references": null,
					"startTime": 1764777250609750,
					"duration": 3145,
					"tags": [
						{
							"key": "goroutine",
							"type": "int64",
							"value": 2918
						},
						{
							"key": "_unfinished",
							"type": "STRING",
							"value": "1"
						},
						{
							"key": "_verbose",
							"type": "STRING",
							"value": "1"
						},
						{
							"key": "node",
							"type": "STRING",
							"value": "1"
						},
						{
							"key": "client",
							"type": "STRING",
							"value": "127.0.0.1:50176"
						},
						{
							"key": "hostssl",
							"type": "STRING",
							"value": ""
						},
						{
							"key": "user",
							"type": "STRING",
							"value": "demo"
						},
						{
							"key": "statement",
							"type": "STRING",
							"value": "SELECT\n  *\nFROM\n  users\nWHERE\n  last_name = 'Doe' AND created_at \u003e= '2025-01-01'\nORDER BY\n  create_at DESC\nLIMIT\n  25"
						}
					],
					"logs": [
						{
							"timestamp": 1764777250612867,
							"fields": [
								{
									"key": "event",
									"type": "STRING",
									"value": "sql/conn_executor_exec.go:3359 [n1,client=127.0.0.1:50176,hostssl,user=‹demo›] optimizer plan failed: column ‹\"create_at\"› does not exist"
								}
							]
						},
						{
							"timestamp": 1764777250612873,
							"fields": [
								{
									"key": "event",
									"type": "STRING",
									"value": "sql/conn_executor_exec.go:1087 [n1,client=127.0.0.1:50176,hostssl,user=‹demo›] planning ends"
								}
							]
						},
						{
							"timestamp": 1764777250612879,
							"fields": [
								{
									"key": "event",
									"type": "STRING",
									"value": "sql/conn_executor_exec.go:1087 [n1,client=127.0.0.1:50176,hostssl,user=‹demo›] planning error: column ‹\"create_at\"› does not exist"
								}
							]
						}
					],
					"processID": "node 1",
					"warnings": null
				},
				{
					"traceID": "2195832726102170191",
					"spanID": "7894128353866721595",
					"operationName": "optimizer",
					"references": [
						{
							"refType": "CHILD_OF",
							"traceID": "2195832726102170191",
							"spanID": "3880792360608498263"
						}
					],
					"startTime": 1764777250609788,
					"duration": 3055,
					"tags": [
						{
							"key": "goroutine",
							"type": "int64",
							"value": 2918
						},
						{
							"key": "_verbose",
							"type": "STRING",
							"value": "1"
						},
						{
							"key": "node",
							"type": "STRING",
							"value": "1"
						},
						{
							"key": "client",
							"type": "STRING",
							"value": "127.0.0.1:50176"
						},
						{
							"key": "hostssl",
							"type": "STRING",
							"value": ""
						},
						{
							"key": "user",
							"type": "STRING",
							"value": "demo"
						}
					],
					"logs": [
						{
							"timestamp": 1764777250609938,
							"fields": [
								{
									"key": "event",
									"type": "STRING",
									"value": "sql/plan_opt.go:431 [n1,client=127.0.0.1:50176,hostssl,user=‹demo›] ‹query cache miss›"
								}
							]
						},
						{
							"timestamp": 1764777250609982,
							"fields": [
								{
									"key": "event",
									"type": "STRING",
									"value": "sql/opt/optbuilder/builder.go:239 [n1,client=127.0.0.1:50176,hostssl,user=‹demo›] optbuilder start"
								}
							]
						},
						{
							"timestamp": 1764777250610068,
							"fields": [
								{
									"key": "event",
									"type": "STRING",
									"value": "sql/catalog/lease/descriptor_version_state.go:128 [n1,client=127.0.0.1:50176,hostssl,user=‹demo›] descriptorVersionState.incRefCount: 100(‹\"defaultdb\"›,010180d68885f0e23a43348eed4a3c2208945b) ver=1:0,0, refcount=1"
								}
							]
						},
						{
							"timestamp": 1764777250610121,
							"fields": [
								{
									"key": "event",
									"type": "STRING",
									"value": "sql/catalog/descs/descriptor.go:132 [n1,client=127.0.0.1:50176,hostssl,user=‹demo›] looking up descriptors for ids [100]"
								}
							]
						},
						{
							"timestamp": 1764777250610150,
							"fields": [
								{
									"key": "event",
									"type": "STRING",
									"value": "sql/catalog/descs/descriptor.go:132 [n1,client=127.0.0.1:50176,hostssl,user=‹demo›] looking up descriptors for ids [100]"
								}
							]
						},
						{
							"timestamp": 1764777250610157,
							"fields": [
								{
									"key": "event",
									"type": "STRING",
									"value": "sql/catalog/descs/descriptor.go:132 [n1,client=127.0.0.1:50176,hostssl,user=‹demo›] looking up descriptors for ids [100]"
								}
							]
						},
						{
							"timestamp": 1764777250610162,
							"fields": [
								{
									"key": "event",
									"type": "STRING",
									"value": "sql/catalog/descs/descriptor.go:132 [n1,client=127.0.0.1:50176,hostssl,user=‹demo›] looking up descriptors for ids [100]"
								}
							]
						},
						{
							"timestamp": 1764777250610166,
							"fields": [
								{
									"key": "event",
									"type": "STRING",
									"value": "sql/catalog/descs/descriptor.go:132 [n1,client=127.0.0.1:50176,hostssl,user=‹demo›] looking up descriptors for ids [101]"
								}
							]
						},
						{
							"timestamp": 1764777250610185,
							"fields": [
								{
									"key": "event",
									"type": "STRING",
									"value": "sql/catalog/lease/descriptor_version_state.go:128 [n1,client=127.0.0.1:50176,hostssl,user=‹demo›] descriptorVersionState.incRefCount: 101(‹\"public\"›,010180d68885f0e23a43348eed4a3c2208945b) ver=1:0,0, refcount=1"
								}
							]
						},
						{
							"timestamp": 1764777250610203,
							"fields": [
								{
									"key": "event",
									"type": "STRING",
									"value": "sql/catalog/lease/descriptor_version_state.go:128 [n1,client=127.0.0.1:50176,hostssl,user=‹demo›] descriptorVersionState.incRefCount: 104(‹\"users\"›,010180d68885f0e23a43348eed4a3c2208945b) ver=1:0,0, refcount=1"
								}
							]
						},
						{
							"timestamp": 1764777250610210,
							"fields": [
								{
									"key": "event",
									"type": "STRING",
									"value": "sql/catalog/descs/descriptor.go:132 [n1,client=127.0.0.1:50176,hostssl,user=‹demo›] looking up descriptors for ids [104]"
								}
							]
						},
						{
							"timestamp": 1764777250610239,
							"fields": [
								{
									"key": "event",
									"type": "STRING",
									"value": "sql/catalog/descs/descriptor.go:132 [n1,client=127.0.0.1:50176,hostssl,user=‹demo›] looking up descriptors for ids [23]"
								}
							]
						},
						{
							"timestamp": 1764777250610249,
							"fields": [
								{
									"key": "event",
									"type": "STRING",
									"value": "sql/catalog/lease/descriptor_version_state.go:128 [n1,client=127.0.0.1:50176,hostssl,user=‹demo›] descriptorVersionState.incRefCount: 23(‹\"role_members\"›,010180d68885f0e23a43348eed4a3c2208945b) ver=3:0,0, refcount=1"
								}
							]
						},
						{
							"timestamp": 1764777250610283,
							"fields": [
								{
									"key": "event",
									"type": "STRING",
									"value": "sql/stats/stats_cache.go:457 [n1,client=127.0.0.1:50176,hostssl,user=‹demo›] reading statistics for table 104"
								}
							]
						},
						{
							"timestamp": 1764777250612600,
							"fields": [
								{
									"key": "event",
									"type": "STRING",
									"value": "sql/stats/stats_cache.go:459 [n1,client=127.0.0.1:50176,hostssl,user=‹demo›] finished reading statistics for table 104"
								}
							]
						},
						{
							"timestamp": 1764777250612838,
							"fields": [
								{
									"key": "event",
									"type": "STRING",
									"value": "sql/opt/optbuilder/builder.go:249 [n1,client=127.0.0.1:50176,hostssl,user=‹demo›] column ‹\"create_at\"› does not exist"
								}
							]
						},
						{
							"timestamp": 1764777250612843,
							"fields": [
								{
									"key": "event",
									"type": "STRING",
									"value": "sql/opt/optbuilder/builder.go:285 [n1,client=127.0.0.1:50176,hostssl,user=‹demo›] optbuilder finish"
								}
							]
						}
					],
					"processID": "node 1",
					"warnings": null
				},
				{
					"traceID": "2195832726102170191",
					"spanID": "4127373950279904466",
					"operationName": "get-table-statistics",
					"references": [
						{
							"refType": "CHILD_OF",
							"traceID": "2195832726102170191",
							"spanID": "7894128353866721595"
						}
					],
					"startTime": 1764777250610620,
					"duration": 1962,
					"tags": [
						{
							"key": "goroutine",
							"type": "int64",
							"value": 14730
						},
						{
							"key": "_verbose",
							"type": "STRING",
							"value": "1"
						},
						{
							"key": "node",
							"type": "STRING",
							"value": "1"
						},
						{
							"key": "client",
							"type": "STRING",
							"value": "127.0.0.1:50176"
						},
						{
							"key": "hostssl",
							"type": "STRING",
							"value": ""
						},
						{
							"key": "user",
							"type": "STRING",
							"value": "demo"
						},
						{
							"key": "intExec",
							"type": "STRING",
							"value": "get-table-statistics"
						}
					],
					"logs": [
						{
							"timestamp": 1764777250610706,
							"fields": [
								{
									"key": "event",
									"type": "STRING",
									"value": "sql/conn_executor.go:2400 [n1,client=127.0.0.1:50176,hostssl,user=‹demo›,intExec=get-table-statistics] [‹NoTxn› pos:‹0›] executing ‹PrepareStmt: SELECT \"tableID\", \"statisticID\", name, \"columnIDs\", \"createdAt\", \"rowCount\", \"distinctCount\", \"nullCount\", \"avgSize\", \"partialPredicate\", histogram, \"fullStatisticID\" FROM system.table_statistics WHERE \"tableID\" = $1 ORDER BY \"createdAt\" DESC, \"columnIDs\" DESC, \"statisticID\" DESC›"
								}
							]
						},
						{
							"timestamp": 1764777250612513,
							"fields": [
								{
									"key": "event",
									"type": "STRING",
									"value": "sql/catalog/descs/leased_descriptors.go:360 [n1,client=127.0.0.1:50176,hostssl,user=‹demo›,intExec=get-table-statistics] releasing 2 descriptors"
								}
							]
						},
						{
							"timestamp": 1764777250612528,
							"fields": [
								{
									"key": "event",
									"type": "STRING",
									"value": "sql/catalog/lease/descriptor_state.go:230 [n1,client=127.0.0.1:50176,hostssl,user=‹demo›,intExec=get-table-statistics] release: 1(‹\"system\"›,010180d68885f0e23a43348eed4a3c2208945b) ver=1:0,0, refcount=0"
								}
							]
						},
						{
							"timestamp": 1764777250612538,
							"fields": [
								{
									"key": "event",
									"type": "STRING",
									"value": "sql/catalog/lease/descriptor_state.go:230 [n1,client=127.0.0.1:50176,hostssl,user=‹demo›,intExec=get-table-statistics] release: 20(‹\"table_statistics\"›,010180d68885f0e23a43348eed4a3c2208945b) ver=1:0,0, refcount=0"
								}
							]
						},
						{
							"timestamp": 1764777250612571,
							"fields": [
								{
									"key": "event",
									"type": "STRING",
									"value": "sql/conn_executor.go:1355 [n1,client=127.0.0.1:50176,hostssl,user=‹demo›,intExec=get-table-statistics] finishing connExecutor"
								}
							]
						},
						{
							"timestamp": 1764777250612580,
							"fields": [
								{
									"key": "event",
									"type": "STRING",
									"value": "sql/catalog/descs/leased_descriptors.go:360 [n1,client=127.0.0.1:50176,hostssl,user=‹demo›,intExec=get-table-statistics] releasing 0 descriptors"
								}
							]
						}
					],
					"processID": "node 1",
					"warnings": null
				},
				{
					"traceID": "2195832726102170191",
					"spanID": "4865167215563845535",
					"operationName": "sql txn",
					"references": [
						{
							"refType": "CHILD_OF",
							"traceID": "2195832726102170191",
							"spanID": "4127373950279904466"
						}
					],
					"startTime": 1764777250610710,
					"duration": 1774,
					"tags": [
						{
							"key": "goroutine",
							"type": "int64",
							"value": 14730
						},
						{
							"key": "_verbose",
							"type": "STRING",
							"value": "1"
						},
						{
							"key": "node",
							"type": "STRING",
							"value": "1"
						},
						{
							"key": "client",
							"type": "STRING",
							"value": "127.0.0.1:50176"
						},
						{
							"key": "hostssl",
							"type": "STRING",
							"value": ""
						},
						{
							"key": "user",
							"type": "STRING",
							"value": "demo"
						},
						{
							"key": "intExec",
							"type": "STRING",
							"value": "get-table-statistics"
						},
						{
							"key": "implicit",
							"type": "STRING",
							"value": "true"
						},
						{
							"key": "txn",
							"type": "STRING",
							"value": "9fc7eac4-e27e-4fce-b542-d41521663a3e"
						}
					],
					"logs": [
						{
							"timestamp": 1764777250610733,
							"fields": [
								{
									"key": "event",
									"type": "STRING",
									"value": "sql/conn_executor.go:2400 [n1,client=127.0.0.1:50176,hostssl,user=‹demo›,intExec=get-table-statistics] [‹Open› pos:‹0›] executing ‹PrepareStmt: SELECT \"tableID\", \"statisticID\", name, \"columnIDs\", \"createdAt\", \"rowCount\", \"distinctCount\", \"nullCount\", \"avgSize\", \"partialPredicate\", histogram, \"fullStatisticID\" FROM system.table_statistics WHERE \"tableID\" = $1 ORDER BY \"createdAt\" DESC, \"columnIDs\" DESC, \"statisticID\" DESC›"
								}
							]
						},
						{
							"timestamp": 1764777250610912,
							"fields": [
								{
									"key": "event",
									"type": "STRING",
									"value": "sql/conn_executor.go:2400 [n1,client=127.0.0.1:50176,hostssl,user=‹demo›,intExec=get-table-statistics] [‹Open› pos:‹1›] executing ‹BindStmt: \"\"-\u003e\"\"›"
								}
							]
						},
						{
							"timestamp": 1764777250610928,
							"fields": [
								{
									"key": "event",
									"type": "STRING",
									"value": "sql/conn_executor.go:2400 [n1,client=127.0.0.1:50176,hostssl,user=‹demo›,intExec=get-table-statistics] [‹Open› pos:‹2›] executing ‹ExecPortal name: \"\"›"
								}
							]
						},
						{
							"timestamp": 1764777250610940,
							"fields": [
								{
									"key": "event",
									"type": "STRING",
									"value": "sql/conn_executor.go:2492 [n1,client=127.0.0.1:50176,hostssl,user=‹demo›,intExec=get-table-statistics] portal resolved to: ‹SELECT \"tableID\", \"statisticID\", name, \"columnIDs\", \"createdAt\", \"rowCount\", \"distinctCount\", \"nullCount\", \"avgSize\", \"partialPredicate\", histogram, \"fullStatisticID\" FROM system.table_statistics WHERE \"tableID\" = $1 ORDER BY \"createdAt\" DESC, \"columnIDs\" DESC, \"statisticID\" DESC›"
								}
							]
						},
						{
							"timestamp": 1764777250610968,
							"fields": [
								{
									"key": "event",
									"type": "STRING",
									"value": "sql/conn_executor_exec.go:124 [n1,client=127.0.0.1:50176,hostssl,user=‹demo›,intExec=get-table-statistics] executing: ‹SELECT \"tableID\", \"statisticID\", name, \"columnIDs\", \"createdAt\", \"rowCount\", \"distinctCount\", \"nullCount\", \"avgSize\", \"partialPredicate\", histogram, \"fullStatisticID\" FROM system.table_statistics WHERE \"tableID\" = $1 ORDER BY \"createdAt\" DESC, \"columnIDs\" DESC, \"statisticID\" DESC› in state: ‹Open›"
								}
							]
						},
						{
							"timestamp": 1764777250612467,
							"fields": [
								{
									"key": "event",
									"type": "STRING",
									"value": "sql/conn_executor.go:2400 [n1,client=127.0.0.1:50176,hostssl,user=‹demo›,intExec=get-table-statistics] [‹Open› pos:‹3›] executing ‹Sync›"
								}
							]
						},
						{
							"timestamp": 1764777250612482,
							"fields": [
								{
									"key": "event",
									"type": "STRING",
									"value": "sql/conn_executor_exec.go:4215 [n1,client=127.0.0.1:50176,hostssl,user=‹demo›,intExec=get-table-statistics] AutoCommit. err: \u003cnil\u003e"
								}
							]
						}
					],
					"processID": "node 1",
					"warnings": null
				},
				{
					"traceID": "2195832726102170191",
					"spanID": "6156495417355457677",
					"operationName": "prepare stmt",
					"references": [
						{
							"refType": "CHILD_OF",
							"traceID": "2195832726102170191",
							"spanID": "4865167215563845535"
						}
					],
					"startTime": 1764777250610734,
					"duration": 144,
					"tags": [
						{
							"key": "goroutine",
							"type": "int64",
							"value": 14730
						},
						{
							"key": "_verbose",
							"type": "STRING",
							"value": "1"
						},
						{
							"key": "node",
							"type": "STRING",
							"value": "1"
						},
						{
							"key": "client",
							"type": "STRING",
							"value": "127.0.0.1:50176"
						},
						{
							"key": "hostssl",
							"type": "STRING",
							"value": ""
						},
						{
							"key": "user",
							"type": "STRING",
							"value": "demo"
						},
						{
							"key": "intExec",
							"type": "STRING",
							"value": "get-table-statistics"
						}
					],
					"logs": [
						{
							"timestamp": 1764777250610787,
							"fields": [
								{
									"key": "event",
									"type": "STRING",
									"value": "sql/catalog/lease/descriptor_version_state.go:128 [n1,client=127.0.0.1:50176,hostssl,user=‹demo›,intExec=get-table-statistics] descriptorVersionState.incRefCount: 1(‹\"system\"›,010180d68885f0e23a43348eed4a3c2208945b) ver=1:0,0, refcount=1"
								}
							]
						},
						{
							"timestamp": 1764777250610803,
							"fields": [
								{
									"key": "event",
									"type": "STRING",
									"value": "sql/catalog/descs/descriptor.go:132 [n1,client=127.0.0.1:50176,hostssl,user=‹demo›,intExec=get-table-statistics] looking up descriptors for ids [1]"
								}
							]
						},
						{
							"timestamp": 1764777250610810,
							"fields": [
								{
									"key": "event",
									"type": "STRING",
									"value": "sql/catalog/descs/descriptor.go:132 [n1,client=127.0.0.1:50176,hostssl,user=‹demo›,intExec=get-table-statistics] looking up descriptors for ids [29]"
								}
							]
						},
						{
							"timestamp": 1764777250610819,
							"fields": [
								{
									"key": "event",
									"type": "STRING",
									"value": "sql/catalog/lease/descriptor_version_state.go:128 [n1,client=127.0.0.1:50176,hostssl,user=‹demo›,intExec=get-table-statistics] descriptorVersionState.incRefCount: 20(‹\"table_statistics\"›,010180d68885f0e23a43348eed4a3c2208945b) ver=1:0,0, refcount=1"
								}
							]
						},
						{
							"timestamp": 1764777250610824,
							"fields": [
								{
									"key": "event",
									"type": "STRING",
									"value": "sql/catalog/descs/descriptor.go:132 [n1,client=127.0.0.1:50176,hostssl,user=‹demo›,intExec=get-table-statistics] looking up descriptors for ids [20]"
								}
							]
						},
						{
							"timestamp": 1764777250610854,
							"fields": [
								{
									"key": "event",
									"type": "STRING",
									"value": "sql/plan_opt.go:431 [n1,client=127.0.0.1:50176,hostssl,user=‹demo›,intExec=get-table-statistics] ‹query cache hit (prepare)›"
								}
							]
						},
						{
							"timestamp": 1764777250610875,
							"fields": [
								{
									"key": "event",
									"type": "STRING",
									"value": "sql/conn_executor_prepare.go:344 [n1,client=127.0.0.1:50176,hostssl,user=‹demo›,intExec=get-table-statistics] ‹optimizer prepare succeeded›"
								}
							]
						}
					],
					"processID": "node 1",
					"warnings": null
				},
				{
					"traceID": "2195832726102170191",
					"spanID": "7195342458816651950",
					"operationName": "sql query",
					"references": [
						{
							"refType": "CHILD_OF",
							"traceID": "2195832726102170191",
							"spanID": "4865167215563845535"
						}
					],
					"startTime": 1764777250610984,
					"duration": 1453,
					"tags": [
						{
							"key": "goroutine",
							"type": "int64",
							"value": 14730
						},
						{
							"key": "_verbose",
							"type": "STRING",
							"value": "1"
						},
						{
							"key": "node",
							"type": "STRING",
							"value": "1"
						},
						{
							"key": "client",
							"type": "STRING",
							"value": "127.0.0.1:50176"
						},
						{
							"key": "hostssl",
							"type": "STRING",
							"value": ""
						},
						{
							"key": "user",
							"type": "STRING",
							"value": "demo"
						},
						{
							"key": "intExec",
							"type": "STRING",
							"value": "get-table-statistics"
						},
						{
							"key": "statement",
							"type": "STRING",
							"value": "SELECT\n\t\"tableID\",\n\t\"statisticID\",\n\tname,\n\t\"columnIDs\",\n\t\"createdAt\",\n\t\"rowCount\",\n\t\"distinctCount\",\n\t\"nullCount\",\n\t\"avgSize\",\n\t\"partialPredicate\",\n\thistogram,\n\t\"fullStatisticID\"\nFROM system.table_statistics\nWHERE \"tableID\" = $1\nORDER BY \"createdAt\" DESC, \"columnIDs\" DESC, \"statisticID\" DESC\n"
						}
					],
					"logs": [
						{
							"timestamp": 1764777250611195,
							"fields": [
								{
									"key": "event",
									"type": "STRING",
									"value": "sql/conn_executor_exec.go:1087 [n1,client=127.0.0.1:50176,hostssl,user=‹demo›,intExec=get-table-statistics] planning ends"
								}
							]
						},
						{
							"timestamp": 1764777250611210,
							"fields": [
								{
									"key": "event",
									"type": "STRING",
									"value": "sql/conn_executor_exec.go:1087 [n1,client=127.0.0.1:50176,hostssl,user=‹demo›,intExec=get-table-statistics] checking distributability"
								}
							]
						},
						{
							"timestamp": 1764777250611232,
							"fields": [
								{
									"key": "event",
									"type": "STRING",
									"value": "sql/distsql_physical_planner.go:745 [n1,client=127.0.0.1:50176,hostssl,user=‹demo›,intExec=get-table-statistics] sort (no stats) recommends plan distribution"
								}
							]
						},
						{
							"timestamp": 1764777250611239,
							"fields": [
								{
									"key": "event",
									"type": "STRING",
									"value": "sql/conn_executor_exec.go:1087 [n1,client=127.0.0.1:50176,hostssl,user=‹demo›,intExec=get-table-statistics] will distribute plan: true"
								}
							]
						},
						{
							"timestamp": 1764777250611247,
							"fields": [
								{
									"key": "event",
									"type": "STRING",
									"value": "sql/conn_executor_exec.go:1087 [n1,client=127.0.0.1:50176,hostssl,user=‹demo›,intExec=get-table-statistics] executing after 0 retries, last retry reason: \u003cnil\u003e"
								}
							]
						},
						{
							"timestamp": 1764777250611265,
							"fields": [
								{
									"key": "event",
									"type": "STRING",
									"value": "sql/conn_executor_exec.go:1087 [n1,client=127.0.0.1:50176,hostssl,user=‹demo›,intExec=get-table-statistics] execution starts: distributed engine"
								}
							]
						},
						{
							"timestamp": 1764777250611277,
							"fields": [
								{
									"key": "event",
									"type": "STRING",
									"value": "sql/distsql_running.go:2083 [n1,client=127.0.0.1:50176,hostssl,user=‹demo›,intExec=get-table-statistics] creating DistSQL plan with isLocal=false"
								}
							]
						},
						{
							"timestamp": 1764777250611313,
							"fields": [
								{
									"key": "event",
									"type": "STRING",
									"value": "sql/distsql_physical_planner.go:1777 [n1,client=127.0.0.1:50176,hostssl,user=‹demo›,intExec=get-table-statistics] all SQL instances available for distributed planning: [Instance{RegionPrefix: gA==, InstanceID: 1, SQLAddr: ‹127.0.0.1:26257›, RPCAddr: ‹127.0.0.1:26357›, SessionID: 010180d68885f0e23a43348eed4a3c2208945b, Locality: ‹region=us-east1,az=b›, BinaryVersion: 25.2}]"
								}
							]
						},
						{
							"timestamp": 1764777250611354,
							"fields": [
								{
									"key": "event",
									"type": "STRING",
									"value": "kv/kvclient/kvcoord/range_iter.go:183 [n1,client=127.0.0.1:50176,hostssl,user=‹demo›,intExec=get-table-statistics] querying next range at /Table/20/1/‹104›"
								}
							]
						},
						{
							"timestamp": 1764777250611388,
							"fields": [
								{
									"key": "event",
									"type": "STRING",
									"value": "kv/kvclient/kvcoord/range_iter.go:220 [n1,client=127.0.0.1:50176,hostssl,user=‹demo›,intExec=get-table-statistics] key: /Table/20/1/‹104›, desc: r23:‹/Table/2{0-1}› [(n1,s1):1, next=2, gen=0]"
								}
							]
						},
						{
							"timestamp": 1764777250611411,
							"fields": [
								{
									"key": "event",
									"type": "STRING",
									"value": "sql/distsql_physical_planner.go:1602 [n1,client=127.0.0.1:50176,hostssl,user=‹demo›,intExec=get-table-statistics] partition span: ‹/Table/20/1/10{4-5}›, instance ID: 1, reason: ‹target-healthy›"
								}
							]
						},
						{
							"timestamp": 1764777250611433,
							"fields": [
								{
									"key": "event",
									"type": "STRING",
									"value": "sql/distsql_running.go:760 [n1,client=127.0.0.1:50176,hostssl,user=‹demo›,intExec=get-table-statistics] noMutations = true"
								}
							]
						},
						{
							"timestamp": 1764777250611440,
							"fields": [
								{
									"key": "event",
									"type": "STRING",
									"value": "sql/distsql_running.go:806 [n1,client=127.0.0.1:50176,hostssl,user=‹demo›,intExec=get-table-statistics] containsLocking = false"
								}
							]
						},
						{
							"timestamp": 1764777250611463,
							"fields": [
								{
									"key": "event",
									"type": "STRING",
									"value": "sql/distsql_running.go:895 [n1,client=127.0.0.1:50176,hostssl,user=‹demo›,intExec=get-table-statistics] ‹running DistSQL plan›"
								}
							]
						},
						{
							"timestamp": 1764777250612336,
							"fields": [
								{
									"key": "event",
									"type": "STRING",
									"value": "sql/conn_executor_exec.go:1087 [n1,client=127.0.0.1:50176,hostssl,user=‹demo›,intExec=get-table-statistics] execution ends"
								}
							]
						},
						{
							"timestamp": 1764777250612343,
							"fields": [
								{
									"key": "event",
									"type": "STRING",
									"value": "sql/conn_executor_exec.go:1087 [n1,client=127.0.0.1:50176,hostssl,user=‹demo›,intExec=get-table-statistics] rows affected: 0"
								}
							]
						}
					],
					"processID": "node 1",
					"warnings": null
				},
				{
					"traceID": "2195832726102170191",
					"spanID": "3994930813126604324",
					"operationName": "optimizer",
					"references": [
						{
							"refType": "CHILD_OF",
							"traceID": "2195832726102170191",
							"spanID": "7195342458816651950"
						}
					],
					"startTime": 1764777250610988,
					"duration": 185,
					"tags": [
						{
							"key": "goroutine",
							"type": "int64",
							"value": 14730
						},
						{
							"key": "_verbose",
							"type": "STRING",
							"value": "1"
						},
						{
							"key": "node",
							"type": "STRING",
							"value": "1"
						},
						{
							"key": "client",
							"type": "STRING",
							"value": "127.0.0.1:50176"
						},
						{
							"key": "hostssl",
							"type": "STRING",
							"value": ""
						},
						{
							"key": "user",
							"type": "STRING",
							"value": "demo"
						},
						{
							"key": "intExec",
							"type": "STRING",
							"value": "get-table-statistics"
						}
					],
					"logs": [
						{
							"timestamp": 1764777250611000,
							"fields": [
								{
									"key": "event",
									"type": "STRING",
									"value": "sql/plan_opt.go:431 [n1,client=127.0.0.1:50176,hostssl,user=‹demo›,intExec=get-table-statistics] ‹reusing cached memo›"
								}
							]
						},
						{
							"timestamp": 1764777250611091,
							"fields": [
								{
									"key": "event",
									"type": "STRING",
									"value": "sql/opt/xform/optimizer.go:237 [n1,client=127.0.0.1:50176,hostssl,user=‹demo›,intExec=get-table-statistics] optimize start"
								}
							]
						},
						{
							"timestamp": 1764777250611143,
							"fields": [
								{
									"key": "event",
									"type": "STRING",
									"value": "sql/opt/xform/optimizer.go:286 [n1,client=127.0.0.1:50176,hostssl,user=‹demo›,intExec=get-table-statistics] optimize finish"
								}
							]
						}
					],
					"processID": "node 1",
					"warnings": null
				},
				{
					"traceID": "2195832726102170191",
					"spanID": "4357897755283275025",
					"operationName": "is-alive",
					"references": [
						{
							"refType": "CHILD_OF",
							"traceID": "2195832726102170191",
							"spanID": "7195342458816651950"
						}
					],
					"startTime": 1764777250611288,
					"duration": 923,
					"tags": [
						{
							"key": "goroutine",
							"type": "int64",
							"value": 14730
						},
						{
							"key": "_verbose",
							"type": "STRING",
							"value": "1"
						},
						{
							"key": "node",
							"type": "STRING",
							"value": "1"
						},
						{
							"key": "client",
							"type": "STRING",
							"value": "127.0.0.1:50176"
						},
						{
							"key": "hostssl",
							"type": "STRING",
							"value": ""
						},
						{
							"key": "user",
							"type": "STRING",
							"value": "demo"
						},
						{
							"key": "intExec",
							"type": "STRING",
							"value": "get-table-statistics"
						},
						{
							"key": "session ID",
							"type": "STRING",
							"value": "\u0001\u0001\ufffdֈ\ufffd\ufffd\ufffd:C4\ufffd\ufffdJ\u003c\"\b\ufffd["
						}
					],
					"logs": [
						{
							"timestamp": 1764777250612208,
							"fields": [
								{
									"key": "event",
									"type": "STRING",
									"value": "kv/txn.go:1144 [n1,client=127.0.0.1:50176,hostssl,user=‹demo›,intExec=get-table-statistics] kv.Txn did AutoCommit. err: \u003cnil\u003e"
								}
							]
						}
					],
					"processID": "node 1",
					"warnings": null
				},
				{
					"traceID": "2195832726102170191",
					"spanID": "894530211368267299",
					"operationName": "txn coordinator send",
					"references": [
						{
							"refType": "CHILD_OF",
							"traceID": "2195832726102170191",
							"spanID": "4357897755283275025"
						}
					],
					"startTime": 1764777250611350,
					"duration": 822,
					"tags": [
						{
							"key": "goroutine",
							"type": "int64",
							"value": 14731
						},
						{
							"key": "_verbose",
							"type": "STRING",
							"value": "1"
						},
						{
							"key": "node",
							"type": "STRING",
							"value": "1"
						},
						{
							"key": "client",
							"type": "STRING",
							"value": "127.0.0.1:50176"
						},
						{
							"key": "hostssl",
							"type": "STRING",
							"value": ""
						},
						{
							"key": "user",
							"type": "STRING",
							"value": "demo"
						},
						{
							"key": "intExec",
							"type": "STRING",
							"value": "get-table-statistics"
						},
						{
							"key": "txnID",
							"type": "STRING",
							"value": "d9d400c0-e2de-4ffe-b061-1204e5d74d32"
						}
					],
					"logs": [
						{
							"timestamp": 1764777250612170,
							"fields": [
								{
									"key": "event",
									"type": "STRING",
									"value": "kv/kvclient/kvcoord/txn_interceptor_span_refresher.go:656 [n1,client=127.0.0.1:50176,hostssl,user=‹demo›,intExec=get-table-statistics,txn=‹d9d400c0›] recording span to refresh: ‹/Table/39/2/\"\\x80\"/\"\\x01\\x01\\x80ֈ\\x85\\xf0\\xe2:C4\\x8e\\xedJ\u003c\\\"\\b\\x94[\"/0›"
								}
							]
						}
					],
					"processID": "node 1",
					"warnings": null
				},
				{
					"traceID": "2195832726102170191",
					"spanID": "989848701090505831",
					"operationName": "dist sender send",
					"references": [
						{
							"refType": "CHILD_OF",
							"traceID": "2195832726102170191",
							"spanID": "894530211368267299"
						}
					],
					"startTime": 1764777250611374,
					"duration": 753,
					"tags": [
						{
							"key": "goroutine",
							"type": "int64",
							"value": 14731
						},
						{
							"key": "_verbose",
							"type": "STRING",
							"value": "1"
						},
						{
							"key": "node",
							"type": "STRING",
							"value": "1"
						},
						{
							"key": "client",
							"type": "STRING",
							"value": "127.0.0.1:50176"
						},
						{
							"key": "hostssl",
							"type": "STRING",
							"value": ""
						},
						{
							"key": "user",
							"type": "STRING",
							"value": "demo"
						},
						{
							"key": "intExec",
							"type": "STRING",
							"value": "get-table-statistics"
						},
						{
							"key": "txn",
							"type": "STRING",
							"value": "d9d400c0"
						}
					],
					"logs": [
						{
							"timestamp": 1764777250611437,
							"fields": [
								{
									"key": "event",
									"type": "STRING",
									"value": "kv/kvclient/kvcoord/range_iter.go:183 [n1,client=127.0.0.1:50176,hostssl,user=‹demo›,intExec=get-table-statistics,txn=‹d9d400c0›] querying next range at /Table/39/2/‹\"\\x80\"›/‹\"\\x01\\x01\\x80ֈ\\x85\\xf0\\xe2:C4\\x8e\\xedJ\u003c\\\"\\b\\x94[\"›/‹0›"
								}
							]
						},
						{
							"timestamp": 1764777250611477,
							"fields": [
								{
									"key": "event",
									"type": "STRING",
									"value": "kv/kvclient/kvcoord/range_iter.go:220 [n1,client=127.0.0.1:50176,hostssl,user=‹demo›,intExec=get-table-statistics,txn=‹d9d400c0›] key: /Table/39/2/‹\"\\x80\"›/‹\"\\x01\\x01\\x80ֈ\\x85\\xf0\\xe2:C4\\x8e\\xedJ\u003c\\\"\\b\\x94[\"›/‹0›, desc: r42:‹/Table/{39-40}› [(n1,s1):1, next=2, gen=0]"
								}
							]
						},
						{
							"timestamp": 1764777250611533,
							"fields": [
								{
									"key": "event",
									"type": "STRING",
									"value": "kv/kvclient/kvcoord/dist_sender.go:2661 [n1,client=127.0.0.1:50176,hostssl,user=‹demo›,intExec=get-table-statistics,txn=‹d9d400c0›] r42: sending batch ‹1 Get› to (n1,s1):1"
								}
							]
						},
						{
							"timestamp": 1764777250611562,
							"fields": [
								{
									"key": "event",
									"type": "STRING",
									"value": "rpc/nodedialer/nodedialer.go:141 [n1,client=127.0.0.1:50176,hostssl,user=‹demo›,intExec=get-table-statistics,txn=‹d9d400c0›] ‹sending request to local client›"
								}
							]
						},
						{
							"timestamp": 1764777250611595,
							"fields": [
								{
									"key": "event",
									"type": "STRING",
									"value": "kv/kvclient/kvcoord/transport.go:208 [n1,client=127.0.0.1:50176,hostssl,user=‹demo›,intExec=get-table-statistics,txn=‹d9d400c0›] ‹sending batch request›"
								}
							]
						},
						{
							"timestamp": 1764777250612126,
							"fields": [
								{
									"key": "event",
									"type": "STRING",
									"value": "kv/kvclient/kvcoord/transport.go:210 [n1,client=127.0.0.1:50176,hostssl,user=‹demo›,intExec=get-table-statistics,txn=‹d9d400c0›] ‹received batch response›"
								}
							]
						}
					],
					"processID": "node 1",
					"warnings": null
				},
				{
					"traceID": "2195832726102170191",
					"spanID": "6589861394548162026",
					"operationName": "flow",
					"references": [
						{
							"refType": "CHILD_OF",
							"traceID": "2195832726102170191",
							"spanID": "7195342458816651950"
						}
					],
					"startTime": 1764777250611465,
					"duration": 836,
					"tags": [
						{
							"key": "goroutine",
							"type": "int64",
							"value": 14730
						},
						{
							"key": "_verbose",
							"type": "STRING",
							"value": "1"
						},
						{
							"key": "node",
							"type": "STRING",
							"value": "1"
						},
						{
							"key": "client",
							"type": "STRING",
							"value": "127.0.0.1:50176"
						},
						{
							"key": "hostssl",
							"type": "STRING",
							"value": ""
						},
						{
							"key": "user",
							"type": "STRING",
							"value": "demo"
						},
						{
							"key": "intExec",
							"type": "STRING",
							"value": "get-table-statistics"
						}
					],
					"logs": [
						{
							"timestamp": 1764777250611502,
							"fields": [
								{
									"key": "event",
									"type": "STRING",
									"value": "sql/colflow/vectorized_flow.go:227 [n1,client=127.0.0.1:50176,hostssl,user=‹demo›,intExec=get-table-statistics] ‹setting up vectorized flow›"
								}
							]
						},
						{
							"timestamp": 1764777250611614,
							"fields": [
								{
									"key": "event",
									"type": "STRING",
									"value": "sql/colflow/vectorized_flow.go:268 [n1,client=127.0.0.1:50176,hostssl,user=‹demo›,intExec=get-table-statistics] vectorized flow setup succeeded"
								}
							]
						},
						{
							"timestamp": 1764777250611630,
							"fields": [
								{
									"key": "event",
									"type": "STRING",
									"value": "sql/flowinfra/flow.go:460 [n1,client=127.0.0.1:50176,hostssl,user=‹demo›,intExec=get-table-statistics] starting (0 processors, 0 startables) asynchronously"
								}
							]
						},
						{
							"timestamp": 1764777250611672,
							"fields": [
								{
									"key": "event",
									"type": "STRING",
									"value": "sql/flowinfra/flow.go:572 [n1,client=127.0.0.1:50176,hostssl,user=‹demo›,intExec=get-table-statistics] running *colflow.FlowCoordinator in the flow's goroutine"
								}
							]
						},
						{
							"timestamp": 1764777250612300,
							"fields": [
								{
									"key": "event",
									"type": "STRING",
									"value": "ComponentStats{ID: {6090fd71-9be5-4247-bddf-c2bdb653b15c FLOW 0 1 ‹us-east1›}}"
								}
							]
						}
					],
					"processID": "node 1",
					"warnings": null
				},
				{
					"traceID": "2195832726102170191",
					"spanID": "2584285795295375752",
					"operationName": "/cockroach.roachpb.Internal/Batch",
					"references": [
						{
							"refType": "CHILD_OF",
							"traceID": "2195832726102170191",
							"spanID": "989848701090505831"
						}
					],
					"startTime": 1764777250611604,
					"duration": 496,
					"tags": [
						{
							"key": "goroutine",
							"type": "int64",
							"value": 14731
						},
						{
							"key": "_verbose",
							"type": "STRING",
							"value": "1"
						},
						{
							"key": "node",
							"type": "STRING",
							"value": "1"
						},
						{
							"key": "span.kind",
							"type": "STRING",
							"value": "server"
						},
						{
							"key": "request",
							"type": "STRING",
							"value": "Get [/Table/39/2/\"\\x80\"/\"\\x01\\x01\\x80ֈ\\x85\\xf0\\xe2:C4\\x8e\\xedJ\u003c\\\"\\b\\x94[\"/0], [txn: d9d400c0], [can-forward-ts]"
						}
					],
					"logs": [
						{
							"timestamp": 1764777250611613,
							"fields": [
								{
									"key": "event",
									"type": "STRING",
									"value": "server/node.go:1612 [n1] node received request: ‹1 Get›"
								}
							]
						},
						{
							"timestamp": 1764777250611650,
							"fields": [
								{
									"key": "event",
									"type": "STRING",
									"value": "kv/kvserver/store_send.go:149 [n1,s1] executing Get [/Table/39/2/‹\"\\x80\"›/‹\"\\x01\\x01\\x80ֈ\\x85\\xf0\\xe2:C4\\x8e\\xedJ\u003c\\\"\\b\\x94[\"›/‹0›], [txn: d9d400c0], [can-forward-ts]"
								}
							]
						},
						{
							"timestamp": 1764777250611661,
							"fields": [
								{
									"key": "event",
									"type": "STRING",
									"value": "kv/kvserver/replica_send.go:171 [n1,s1,r42/1:/Table/{39-40}] read-only path"
								}
							]
						},
						{
							"timestamp": 1764777250611683,
							"fields": [
								{
									"key": "event",
									"type": "STRING",
									"value": "kv/kvserver/concurrency/concurrency_manager.go:259 [n1,s1,r42/1:/Table/{39-40}] sequencing request"
								}
							]
						},
						{
							"timestamp": 1764777250611695,
							"fields": [
								{
									"key": "event",
									"type": "STRING",
									"value": "kv/kvserver/concurrency/concurrency_manager.go:340 [n1,s1,r42/1:/Table/{39-40}] acquiring latches"
								}
							]
						},
						{
							"timestamp": 1764777250611703,
							"fields": [
								{
									"key": "event",
									"type": "STRING",
									"value": "kv/kvserver/concurrency/concurrency_manager.go:384 [n1,s1,r42/1:/Table/{39-40}] scanning lock table for conflicting locks"
								}
							]
						},
						{
							"timestamp": 1764777250611831,
							"fields": [
								{
									"key": "event",
									"type": "STRING",
									"value": "kv/kvserver/replica_read.go:308 [n1,s1,r42/1:/Table/{39-40}] can drop latches early for batch (Get [/Table/39/2/‹\"\\x80\"›/‹\"\\x01\\x01\\x80ֈ\\x85\\xf0\\xe2:C4\\x8e\\xedJ\u003c\\\"\\b\\x94[\"›/‹0›], [txn: d9d400c0], [can-forward-ts]); scanning lock table first to detect conflicts"
								}
							]
						},
						{
							"timestamp": 1764777250611875,
							"fields": [
								{
									"key": "event",
									"type": "STRING",
									"value": "storage/engine.go:2095 [n1,s1,r42/1:/Table/{39-40}] lock table scan stats: ‹seeked 1 times (1 internal); stepped 0 times (0 internal)›"
								}
							]
						},
						{
							"timestamp": 1764777250611887,
							"fields": [
								{
									"key": "event",
									"type": "STRING",
									"value": "kv/kvserver/replica_read.go:120 [n1,s1,r42/1:/Table/{39-40}] lock table scan complete without conflicts; dropping latches early"
								}
							]
						},
						{
							"timestamp": 1764777250611900,
							"fields": [
								{
									"key": "event",
									"type": "STRING",
									"value": "kv/kvserver/replica_read.go:421 [n1,s1,r42/1:/Table/{39-40}] executing read-only batch"
								}
							]
						},
						{
							"timestamp": 1764777250612054,
							"fields": [
								{
									"key": "event",
									"type": "STRING",
									"value": "kv/kvserver/replica_evaluate.go:563 [n1,s1,r42/1:/Table/{39-40}] evaluated Get command ‹header:\u003ckvnemesis_seq:\u003c\u003e key:\"\\257\\212\\022\\200\\000\\001\\022\\001\\001\\200\\326\\210\\205\\360\\342:C4\\216\\355J\u003c\\\"\\010\\224[\\000\\001\\210\" \u003e ›, txn=\"unnamed\" meta={id=d9d400c0 key=/Min iso=Serializable pri=0.00626747 epo=0 ts=1764777250.611330000,0 min=1764777250.611330000,0 seq=0} lock=false stat=PENDING rts=1764777250.611330000,0 wto=false gul=1764777251.111330000,0 obs={n1@1764777250.611330000,0} : resp=‹header:\u003cnum_keys:1 num_bytes:21 \u003e value:\u003craw_bytes:\"\\346\\277^/\\n%\\0164\\2339\\005\\345C\\322\\200:|\\021\\n\\000\\000\" timestamp:\u003cwall_time:1764777246193939000 \u003e \u003e ›, err=\u003cnil\u003e"
								}
							]
						},
						{
							"timestamp": 1764777250612072,
							"fields": [
								{
									"key": "event",
									"type": "STRING",
									"value": "n1 scan stats: stepped 0 times (0 internal); seeked 1 times (1 internal); block-bytes: (total 0 B, cached 0 B, duration 0s); points: (count 1, key-bytes 39 B, value-bytes 21 B, tombstoned: 0) ranges: (count 0), (contained-points 0, skipped-points 0) evaluated requests: 1 gets, 0 scans, 0 reverse scans"
								}
							]
						},
						{
							"timestamp": 1764777250612086,
							"fields": [
								{
									"key": "event",
									"type": "STRING",
									"value": "kv/kvserver/replica_read.go:233 [n1,s1,r42/1:/Table/{39-40}] read completed"
								}
							]
						},
						{
							"timestamp": 1764777250612100,
							"fields": [
								{
									"key": "event",
									"type": "STRING",
									"value": "server/node.go:1706 [n1] node sending response"
								}
							]
						}
					],
					"processID": "node 1",
					"warnings": null
				},
				{
					"traceID": "2195832726102170191",
					"spanID": "8229147163321337173",
					"operationName": "flow coordinator",
					"references": [
						{
							"refType": "CHILD_OF",
							"traceID": "2195832726102170191",
							"spanID": "6589861394548162026"
						}
					],
					"startTime": 1764777250611673,
					"duration": 612,
					"tags": [
						{
							"key": "goroutine",
							"type": "int64",
							"value": 14730
						},
						{
							"key": "_verbose",
							"type": "STRING",
							"value": "1"
						},
						{
							"key": "node",
							"type": "STRING",
							"value": "1"
						},
						{
							"key": "client",
							"type": "STRING",
							"value": "127.0.0.1:50176"
						},
						{
							"key": "hostssl",
							"type": "STRING",
							"value": ""
						},
						{
							"key": "user",
							"type": "STRING",
							"value": "demo"
						},
						{
							"key": "intExec",
							"type": "STRING",
							"value": "get-table-statistics"
						},
						{
							"key": "cockroach.flowid",
							"type": "STRING",
							"value": "6090fd71-9be5-4247-bddf-c2bdb653b15c"
						},
						{
							"key": "cockroach.processorid",
							"type": "STRING",
							"value": "1"
						}
					],
					"logs": null,
					"processID": "node 1",
					"warnings": null
				},
				{
					"traceID": "2195832726102170191",
					"spanID": "6914308016397233650",
					"operationName": "materializer",
					"references": [
						{
							"refType": "CHILD_OF",
							"traceID": "2195832726102170191",
							"spanID": "8229147163321337173"
						}
					],
					"startTime": 1764777250611675,
					"duration": 599,
					"tags": [
						{
							"key": "goroutine",
							"type": "int64",
							"value": 14730
						},
						{
							"key": "_verbose",
							"type": "STRING",
							"value": "1"
						},
						{
							"key": "node",
							"type": "STRING",
							"value": "1"
						},
						{
							"key": "client",
							"type": "STRING",
							"value": "127.0.0.1:50176"
						},
						{
							"key": "hostssl",
							"type": "STRING",
							"value": ""
						},
						{
							"key": "user",
							"type": "STRING",
							"value": "demo"
						},
						{
							"key": "intExec",
							"type": "STRING",
							"value": "get-table-statistics"
						},
						{
							"key": "cockroach.flowid",
							"type": "STRING",
							"value": "6090fd71-9be5-4247-bddf-c2bdb653b15c"
						},
						{
							"key": "cockroach.processorid",
							"type": "STRING",
							"value": "1"
						}
					],
					"logs": [
						{
							"timestamp": 1764777250612265,
							"fields": [
								{
									"key": "event",
									"type": "STRING",
									"value": "ComponentStats{ID: {6090fd71-9be5-4247-bddf-c2bdb653b15c PROCESSOR 0 1 }, KV nodes: n1, KV regions: ‹us-east1›, KV time: 536µs, KV rows decoded: 0, KV bytes read: ‹0 B›, KV gRPC calls: 1, KV pairs read: 0, MVCC step count (ext/int): ‹0/0›, MVCC seek count (ext/int): ‹1/1›, max memory allocated: ‹20 KiB›, sql cpu time: 15µs, batches output: 0, rows output: 0}"
								}
							]
						},
						{
							"timestamp": 1764777250612272,
							"fields": [
								{
									"key": "event",
									"type": "STRING",
									"value": "ComponentStats{ID: {6090fd71-9be5-4247-bddf-c2bdb653b15c PROCESSOR 1 1 }, execution time: 14µs, max memory allocated: ‹0 B›, sql cpu time: 14µs, batches output: 0, rows output: 0}"
								}
							]
						}
					],
					"processID": "node 1",
					"warnings": null
				},
				{
					"traceID": "2195832726102170191",
					"spanID": "870051479152040528",
					"operationName": "colbatchscan",
					"references": [
						{
							"refType": "CHILD_OF",
							"traceID": "2195832726102170191",
							"spanID": "6914308016397233650"
						}
					],
					"startTime": 1764777250611688,
					"duration": 588,
					"tags": [
						{
							"key": "goroutine",
							"type": "int64",
							"value": 14730
						},
						{
							"key": "_unfinished",
							"type": "STRING",
							"value": "1"
						},
						{
							"key": "_verbose",
							"type": "STRING",
							"value": "1"
						},
						{
							"key": "node",
							"type": "STRING",
							"value": "1"
						},
						{
							"key": "client",
							"type": "STRING",
							"value": "127.0.0.1:50176"
						},
						{
							"key": "hostssl",
							"type": "STRING",
							"value": ""
						},
						{
							"key": "user",
							"type": "STRING",
							"value": "demo"
						},
						{
							"key": "intExec",
							"type": "STRING",
							"value": "get-table-statistics"
						},
						{
							"key": "cockroach.flowid",
							"type": "STRING",
							"value": "6090fd71-9be5-4247-bddf-c2bdb653b15c"
						},
						{
							"key": "cockroach.processorid",
							"type": "STRING",
							"value": "0"
						}
					],
					"logs": [
						{
							"timestamp": 1764777250611785,
							"fields": [
								{
									"key": "event",
									"type": "STRING",
									"value": "sql/row/kv_batch_fetcher.go:598 [n1,client=127.0.0.1:50176,hostssl,user=‹demo›,intExec=get-table-statistics] Scan ‹/Table/20/1/10{4-5}›"
								}
							]
						},
						{
							"timestamp": 1764777250611793,
							"fields": [
								{
									"key": "event",
									"type": "STRING",
									"value": "sql/row/kv_batch_fetcher.go:284 [n1,client=127.0.0.1:50176,hostssl,user=‹demo›,intExec=get-table-statistics] kv fetcher: sending a batch with 1 requests"
								}
							]
						}
					],
					"processID": "node 1",
					"warnings": null
				},
				{
					"traceID": "2195832726102170191",
					"spanID": "1807194147138704647",
					"operationName": "txn coordinator send",
					"references": [
						{
							"refType": "CHILD_OF",
							"traceID": "2195832726102170191",
							"spanID": "870051479152040528"
						}
					],
					"startTime": 1764777250611795,
					"duration": 427,
					"tags": [
						{
							"key": "goroutine",
							"type": "int64",
							"value": 14730
						},
						{
							"key": "_verbose",
							"type": "STRING",
							"value": "1"
						},
						{
							"key": "node",
							"type": "STRING",
							"value": "1"
						},
						{
							"key": "client",
							"type": "STRING",
							"value": "127.0.0.1:50176"
						},
						{
							"key": "hostssl",
							"type": "STRING",
							"value": ""
						},
						{
							"key": "user",
							"type": "STRING",
							"value": "demo"
						},
						{
							"key": "intExec",
							"type": "STRING",
							"value": "get-table-statistics"
						},
						{
							"key": "txnID",
							"type": "STRING",
							"value": "9fc7eac4-e27e-4fce-b542-d41521663a3e"
						}
					],
					"logs": [
						{
							"timestamp": 1764777250612222,
							"fields": [
								{
									"key": "event",
									"type": "STRING",
									"value": "kv/kvclient/kvcoord/txn_interceptor_span_refresher.go:656 [n1,client=127.0.0.1:50176,hostssl,user=‹demo›,intExec=get-table-statistics,txn=‹9fc7eac4›] recording span to refresh: ‹/Table/20/1/10{4-5}›"
								}
							]
						}
					],
					"processID": "node 1",
					"warnings": null
				},
				{
					"traceID": "2195832726102170191",
					"spanID": "5836094606844270964",
					"operationName": "dist sender send",
					"references": [
						{
							"refType": "CHILD_OF",
							"traceID": "2195832726102170191",
							"spanID": "1807194147138704647"
						}
					],
					"startTime": 1764777250611807,
					"duration": 376,
					"tags": [
						{
							"key": "goroutine",
							"type": "int64",
							"value": 14730
						},
						{
							"key": "_verbose",
							"type": "STRING",
							"value": "1"
						},
						{
							"key": "node",
							"type": "STRING",
							"value": "1"
						},
						{
							"key": "client",
							"type": "STRING",
							"value": "127.0.0.1:50176"
						},
						{
							"key": "hostssl",
							"type": "STRING",
							"value": ""
						},
						{
							"key": "user",
							"type": "STRING",
							"value": "demo"
						},
						{
							"key": "intExec",
							"type": "STRING",
							"value": "get-table-statistics"
						},
						{
							"key": "txn",
							"type": "STRING",
							"value": "9fc7eac4"
						}
					],
					"logs": [
						{
							"timestamp": 1764777250611822,
							"fields": [
								{
									"key": "event",
									"type": "STRING",
									"value": "kv/kvclient/kvcoord/range_iter.go:183 [n1,client=127.0.0.1:50176,hostssl,user=‹demo›,intExec=get-table-statistics,txn=‹9fc7eac4›] querying next range at /Table/20/1/‹104›"
								}
							]
						},
						{
							"timestamp": 1764777250611841,
							"fields": [
								{
									"key": "event",
									"type": "STRING",
									"value": "kv/kvclient/kvcoord/range_iter.go:220 [n1,client=127.0.0.1:50176,hostssl,user=‹demo›,intExec=get-table-statistics,txn=‹9fc7eac4›] key: /Table/20/1/‹104›, desc: r23:‹/Table/2{0-1}› [(n1,s1):1, next=2, gen=0]"
								}
							]
						},
						{
							"timestamp": 1764777250611851,
							"fields": [
								{
									"key": "event",
									"type": "STRING",
									"value": "kv/kvclient/kvcoord/dist_sender.go:2661 [n1,client=127.0.0.1:50176,hostssl,user=‹demo›,intExec=get-table-statistics,txn=‹9fc7eac4›] r23: sending batch ‹1 Scan› to (n1,s1):1"
								}
							]
						},
						{
							"timestamp": 1764777250611858,
							"fields": [
								{
									"key": "event",
									"type": "STRING",
									"value": "rpc/nodedialer/nodedialer.go:141 [n1,client=127.0.0.1:50176,hostssl,user=‹demo›,intExec=get-table-statistics,txn=‹9fc7eac4›] ‹sending request to local client›"
								}
							]
						},
						{
							"timestamp": 1764777250611864,
							"fields": [
								{
									"key": "event",
									"type": "STRING",
									"value": "kv/kvclient/kvcoord/transport.go:208 [n1,client=127.0.0.1:50176,hostssl,user=‹demo›,intExec=get-table-statistics,txn=‹9fc7eac4›] ‹sending batch request›"
								}
							]
						},
						{
							"timestamp": 1764777250612182,
							"fields": [
								{
									"key": "event",
									"type": "STRING",
									"value": "kv/kvclient/kvcoord/transport.go:210 [n1,client=127.0.0.1:50176,hostssl,user=‹demo›,intExec=get-table-statistics,txn=‹9fc7eac4›] ‹received batch response›"
								}
							]
						}
					],
					"processID": "node 1",
					"warnings": null
				},
				{
					"traceID": "2195832726102170191",
					"spanID": "3984600062556925574",
					"operationName": "/cockroach.roachpb.Internal/Batch",
					"references": [
						{
							"refType": "CHILD_OF",
							"traceID": "2195832726102170191",
							"spanID": "5836094606844270964"
						}
					],
					"startTime": 1764777250611871,
					"duration": 243,
					"tags": [
						{
							"key": "goroutine",
							"type": "int64",
							"value": 14730
						},
						{
							"key": "_verbose",
							"type": "STRING",
							"value": "1"
						},
						{
							"key": "node",
							"type": "STRING",
							"value": "1"
						},
						{
							"key": "span.kind",
							"type": "STRING",
							"value": "server"
						},
						{
							"key": "request",
							"type": "STRING",
							"value": "Scan [/Table/20/1/104,/Table/20/1/105), [txn: 9fc7eac4], [can-forward-ts], [max_span_request_keys: 0], [target_bytes: 10485760]"
						}
					],
					"logs": [
						{
							"timestamp": 1764777250611875,
							"fields": [
								{
									"key": "event",
									"type": "STRING",
									"value": "server/node.go:1612 [n1] node received request: ‹1 Scan›"
								}
							]
						},
						{
							"timestamp": 1764777250611907,
							"fields": [
								{
									"key": "event",
									"type": "STRING",
									"value": "kv/kvserver/store_send.go:149 [n1,s1] executing Scan [/Table/20/1/‹104›,/Table/20/1/‹105›), [txn: 9fc7eac4], [can-forward-ts], [max_span_request_keys: 0], [target_bytes: 10485760]"
								}
							]
						},
						{
							"timestamp": 1764777250611916,
							"fields": [
								{
									"key": "event",
									"type": "STRING",
									"value": "kv/kvserver/replica_send.go:171 [n1,s1,r23/1:/Table/2{0-1}] read-only path"
								}
							]
						},
						{
							"timestamp": 1764777250611922,
							"fields": [
								{
									"key": "event",
									"type": "STRING",
									"value": "kv/kvserver/concurrency/concurrency_manager.go:259 [n1,s1,r23/1:/Table/2{0-1}] sequencing request"
								}
							]
						},
						{
							"timestamp": 1764777250611930,
							"fields": [
								{
									"key": "event",
									"type": "STRING",
									"value": "kv/kvserver/concurrency/concurrency_manager.go:340 [n1,s1,r23/1:/Table/2{0-1}] acquiring latches"
								}
							]
						},
						{
							"timestamp": 1764777250611935,
							"fields": [
								{
									"key": "event",
									"type": "STRING",
									"value": "kv/kvserver/concurrency/concurrency_manager.go:384 [n1,s1,r23/1:/Table/2{0-1}] scanning lock table for conflicting locks"
								}
							]
						},
						{
							"timestamp": 1764777250611961,
							"fields": [
								{
									"key": "event",
									"type": "STRING",
									"value": "kv/kvserver/replica_read.go:308 [n1,s1,r23/1:/Table/2{0-1}] can drop latches early for batch (Scan [/Table/20/1/‹104›,/Table/20/1/‹105›), [txn: 9fc7eac4], [can-forward-ts], [max_span_request_keys: 0], [target_bytes: 10485760]); scanning lock table first to detect conflicts"
								}
							]
						},
						{
							"timestamp": 1764777250611981,
							"fields": [
								{
									"key": "event",
									"type": "STRING",
									"value": "storage/engine.go:2095 [n1,s1,r23/1:/Table/2{0-1}] lock table scan stats: ‹seeked 1 times (1 internal); stepped 0 times (0 internal)›"
								}
							]
						},
						{
							"timestamp": 1764777250611986,
							"fields": [
								{
									"key": "event",
									"type": "STRING",
									"value": "kv/kvserver/replica_read.go:120 [n1,s1,r23/1:/Table/2{0-1}] lock table scan complete without conflicts; dropping latches early"
								}
							]
						},
						{
							"timestamp": 1764777250612003,
							"fields": [
								{
									"key": "event",
									"type": "STRING",
									"value": "kv/kvserver/replica_read.go:421 [n1,s1,r23/1:/Table/2{0-1}] executing read-only batch"
								}
							]
						},
						{
							"timestamp": 1764777250612083,
							"fields": [
								{
									"key": "event",
									"type": "STRING",
									"value": "kv/kvserver/replica_evaluate.go:563 [n1,s1,r23/1:/Table/2{0-1}] evaluated Scan command ‹header:\u003ckvnemesis_seq:\u003c\u003e key:\"\\234\\211\\360\" end_key:\"\\234\\211\\361\" \u003e scan_format:BATCH_RESPONSE ›, txn=\"sql txn\" meta={id=9fc7eac4 key=/Min iso=Serializable pri=0.02689525 epo=0 ts=1764777250.610711000,0 min=1764777250.610711000,0 seq=0} lock=false stat=PENDING rts=1764777250.610711000,0 wto=false gul=1764777251.110711000,0 obs={n1@1764777250.610711000,0} : resp=‹header:\u003c\u003e col_batches:\u003c\u003e ›, err=\u003cnil\u003e"
								}
							]
						},
						{
							"timestamp": 1764777250612099,
							"fields": [
								{
									"key": "event",
									"type": "STRING",
									"value": "n1 scan stats: stepped 0 times (0 internal); seeked 1 times (1 internal); block-bytes: (total 0 B, cached 0 B, duration 0s); points: (count 0, key-bytes 0 B, value-bytes 0 B, tombstoned: 0) ranges: (count 0), (contained-points 0, skipped-points 0) evaluated requests: 0 gets, 1 scans, 0 reverse scans"
								}
							]
						},
						{
							"timestamp": 1764777250612106,
							"fields": [
								{
									"key": "event",
									"type": "STRING",
									"value": "kv/kvserver/replica_read.go:233 [n1,s1,r23/1:/Table/2{0-1}] read completed"
								}
							]
						},
						{
							"timestamp": 1764777250612114,
							"fields": [
								{
									"key": "event",
									"type": "STRING",
									"value": "server/node.go:1706 [n1] node sending response"
								}
							]
						}
					],
					"processID": "node 1",
					"warnings": null
				},
				{
					"traceID": "2195832726102170191",
					"spanID": "1522626739538502167",
					"operationName": "commit sql txn",
					"references": [
						{
							"refType": "CHILD_OF",
							"traceID": "2195832726102170191",
							"spanID": "4865167215563845535"
						}
					],
					"startTime": 1764777250612469,
					"duration": 3,
					"tags": [
						{
							"key": "goroutine",
							"type": "int64",
							"value": 14730
						},
						{
							"key": "_verbose",
							"type": "STRING",
							"value": "1"
						},
						{
							"key": "node",
							"type": "STRING",
							"value": "1"
						},
						{
							"key": "client",
							"type": "STRING",
							"value": "127.0.0.1:50176"
						},
						{
							"key": "hostssl",
							"type": "STRING",
							"value": ""
						},
						{
							"key": "user",
							"type": "STRING",
							"value": "demo"
						},
						{
							"key": "intExec",
							"type": "STRING",
							"value": "get-table-statistics"
						}
					],
					"logs": null,
					"processID": "node 1",
					"warnings": null
				}
			],
			"processes": {
				"node 1": {
					"serviceName": "node 1",
					"tags": null
				}
			},
			"warnings": null
		}
	]
}