{
	"operation": "traced statement",
	"tagGroups": [
		{
			"tags": [
				{
					"key": "_unfinished",
					"value": "1"
				},
				{
					"key": "_verbose",
					"value": "1"
				},
				{
					"key": "node",
					"value": "1"
				},
				{
					"key": "client",
					"value": "127.0.0.1:50176"
				},
				{
					"key": "hostssl"
				},
				{
					"key": "user",
					"value": "demo"
				}
			]
		}
	],
	"startTime": "2025-12-03T15:54:10.609750Z",
	"duration": "0.003145542s",
	"logs": [
		{
			"time": "2025-12-03T15:54:10.612867Z",
			"message": "sql/conn_executor_exec.go:3359 [n1,client=127.0.0.1:50176,hostssl,user=‹demo›] optimizer plan failed: column ‹\"create_at\"› does not exist"
		},
		{
			"time": "2025-12-03T15:54:10.612873Z",
			"message": "sql/conn_executor_exec.go:1087 [n1,client=127.0.0.1:50176,hostssl,user=‹demo›] planning ends"
		},
		{
			"time": "2025-12-03T15:54:10.612879Z",
			"message": "sql/conn_executor_exec.go:1087 [n1,client=127.0.0.1:50176,hostssl,user=‹demo›] planning error: column ‹\"create_at\"› does not exist"
		}
	],
	"childrenMetadata": {
		"/cockroach.roachpb.Internal/Batch": {
			"duration": "0.000739875s",
			"count": "2"
		},
		"colbatchscan": {
			"duration": "0.000588166s",
			"count": "1",
			"containsUnfinished": true
		},
		"commit sql txn": {
			"duration": "0.000003458s",
			"count": "1"
		},
		"dist sender send": {
			"duration": "0.001129250s",
			"count": "2"
		},
		"flow": {
			"duration": "0.000836459s",
			"count": "1"
		},
		"flow coordinator": {
			"duration": "0.000612125s",
			"count": "1"
		},
		"get-table-statistics": {
			"duration": "0.001962208s",
			"count": "1"
		},
		"is-alive": {
			"duration": "0.000923667s",
			"count": "1"
		},
		"materializer": {
			"duration": "0.000599667s",
			"count": "1"
		},
		"optimizer": {
			"duration": "0.003241624s",
			"count": "2"
		},
		"prepare stmt": {
			"duration": "0.000144833s",
			"count": "1"
		},
		"sql query": {
			"duration": "0.001453708s",
			"count": "1"
		},
		"sql txn": {
			"duration": "0.001774792s",
			"count": "1"
		},
		"txn coordinator send": {
			"duration": "0.001250375s",
			"count": "2"
		}
	},
	"children": [
		{
			"operation": "optimizer",
			"tagGroups": [
				{
					"tags": [
						{
							"key": "_verbose",
							"value": "1"
						},
						{
							"key": "node",
							"value": "1"
						},
						{
							"key": "client",
							"value": "127.0.0.1:50176"
						},
						{
							"key": "hostssl"
						},
						{
							"key": "user",
							"value": "demo"
						}
					]
				}
			],
			"startTime": "2025-12-03T15:54:10.609788Z",
			"duration": "0.003055958s",
			"logs": [
				{
					"time": "2025-12-03T15:54:10.609938Z",
					"message": "sql/plan_opt.go:431 [n1,client=127.0.0.1:50176,hostssl,user=‹demo›] ‹query cache miss›"
				},
				{
					"time": "2025-12-03T15:54:10.609982Z",
					"message": "sql/opt/optbuilder/builder.go:239 [n1,client=127.0.0.1:50176,hostssl,user=‹demo›] optbuilder start"
				},
				{
					"time": "2025-12-03T15:54:10.610068Z",
					"message": "sql/catalog/lease/descriptor_version_state.go:128 [n1,client=127.0.0.1:50176,hostssl,user=‹demo›] descriptorVersionState.incRefCount: 100(‹\"defaultdb\"›,010180d68885f0e23a43348eed4a3c2208945b) ver=1:0,0, refcount=1"
				},
				{
					"time": "2025-12-03T15:54:10.610121Z",
					"message": "sql/catalog/descs/descriptor.go:132 [n1,client=127.0.0.1:50176,hostssl,user=‹demo›] looking up descriptors for ids [100]"
				},
				{
					"time": "2025-12-03T15:54:10.610150Z",
					"message": "sql/catalog/descs/descriptor.go:132 [n1,client=127.0.0.1:50176,hostssl,user=‹demo›] looking up descriptors for ids [100]"
				},
				{
					"time": "2025-12-03T15:54:10.610157Z",
					"message": "sql/catalog/descs/descriptor.go:132 [n1,client=127.0.0.1:50176,hostssl,user=‹demo›] looking up descriptors for ids [100]"
				},
				{
					"time": "2025-12-03T15:54:10.610162Z",
					"message": "sql/catalog/descs/descriptor.go:132 [n1,client=127.0.0.1:50176,hostssl,user=‹demo›] looking up descriptors for ids [100]"
				},
				{
					"time": "2025-12-03T15:54:10.610166Z",
					"message": "sql/catalog/descs/descriptor.go:132 [n1,client=127.0.0.1:50176,hostssl,user=‹demo›] looking up descriptors for ids [101]"
				},
				{
					"time": "2025-12-03T15:54:10.610185Z",
					"message": "sql/catalog/lease/descriptor_version_state.go:128 [n1,client=127.0.0.1:50176,hostssl,user=‹demo›] descriptorVersionState.incRefCount: 101(‹\"public\"›,010180d68885f0e23a43348eed4a3c2208945b) ver=1:0,0, refcount=1"
				},
				{
					"time": "2025-12-03T15:54:10.610203Z",
					"message": "sql/catalog/lease/descriptor_version_state.go:128 [n1,client=127.0.0.1:50176,hostssl,user=‹demo›] descriptorVersionState.incRefCount: 104(‹\"users\"›,010180d68885f0e23a43348eed4a3c2208945b) ver=1:0,0, refcount=1"
				},
				{
					"time": "2025-12-03T15:54:10.610210Z",
					"message": "sql/catalog/descs/descriptor.go:132 [n1,client=127.0.0.1:50176,hostssl,user=‹demo›] looking up descriptors for ids [104]"
				},
				{
					"time": "2025-12-03T15:54:10.610239Z",
					"message": "sql/catalog/descs/descriptor.go:132 [n1,client=127.0.0.1:50176,hostssl,user=‹demo›] looking up descriptors for ids [23]"
				},
				{
					"time": "2025-12-03T15:54:10.610249Z",
					"message": "sql/catalog/lease/descriptor_version_state.go:128 [n1,client=127.0.0.1:50176,hostssl,user=‹demo›] descriptorVersionState.incRefCount: 23(‹\"role_members\"›,010180d68885f0e23a43348eed4a3c2208945b) ver=3:0,0, refcount=1"
				},
				{
					"time": "2025-12-03T15:54:10.610283Z",
					"message": "sql/stats/stats_cache.go:457 [n1,client=127.0.0.1:50176,hostssl,user=‹demo›] reading statistics for table 104"
				},
				{
					"time": "2025-12-03T15:54:10.612600Z",
					"message": "sql/stats/stats_cache.go:459 [n1,client=127.0.0.1:50176,hostssl,user=‹demo›] finished reading statistics for table 104"
				},
				{
					"time": "2025-12-03T15:54:10.612838Z",
					"message": "sql/opt/optbuilder/builder.go:249 [n1,client=127.0.0.1:50176,hostssl,user=‹demo›] column ‹\"create_at\"› does not exist"
				},
				{
					"time": "2025-12-03T15:54:10.612843Z",
					"message": "sql/opt/optbuilder/builder.go:285 [n1,client=127.0.0.1:50176,hostssl,user=‹demo›] optbuilder finish"
				}
			],
			"structuredRecords": [
			],
			"childrenMetadata": {
				"/cockroach.roachpb.Internal/Batch": {
					"duration": "0.000739875s",
					"count": "2"
				},
				"colbatchscan": {
					"duration": "0.000588166s",
					"count": "1",
					"containsUnfinished": true
				},
				"commit sql txn": {
					"duration": "0.000003458s",
					"count": "1"
				},
				"dist sender send": {
					"duration": "0.001129250s",
					"count": "2"
				},
				"flow": {
					"duration": "0.000836459s",
					"count": "1"
				},
				"flow coordinator": {
					"duration": "0.000612125s",
					"count": "1"
				},
				"get-table-statistics": {
					"duration": "0.001962208s",
					"count": "1"
				},
				"is-alive": {
					"duration": "0.000923667s",
					"count": "1"
				},
				"materializer": {
					"duration": "0.000599667s",
					"count": "1"
				},
				"optimizer": {
					"duration": "0.000185666s",
					"count": "1"
				},
				"prepare stmt": {
					"duration": "0.000144833s",
					"count": "1"
				},
				"sql query": {
					"duration": "0.001453708s",
					"count": "1"
				},
				"sql txn": {
					"duration": "0.001774792s",
					"count": "1"
				},
				"txn coordinator send": {
					"duration": "0.001250375s",
					"count": "2"
				}
			},
			"children": [
				{
					"operation": "get-table-statistics",
					"tagGroups": [
						{
							"tags": [
								{
									"key": "_verbose",
									"value": "1"
								},
								{
									"key": "node",
									"value": "1"
								},
								{
									"key": "client",
									"value": "127.0.0.1:50176"
								},
								{
									"key": "hostssl"
								},
								{
									"key": "user",
									"value": "demo"
								},
								{
									"key": "intExec",
									"value": "get-table-statistics"
								}
							]
						}
					],
					"startTime": "2025-12-03T15:54:10.610620Z",
					"duration": "0.001962208s",
					"logs": [
						{
							"time": "2025-12-03T15:54:10.610706Z",
							"message": "sql/conn_executor.go:2400 [n1,client=127.0.0.1:50176,hostssl,user=‹demo›,intExec=get-table-statistics] [‹NoTxn› pos:‹0›] executing ‹PrepareStmt: SELECT \"tableID\", \"statisticID\", name, \"columnIDs\", \"createdAt\", \"rowCount\", \"distinctCount\", \"nullCount\", \"avgSize\", \"partialPredicate\", histogram, \"fullStatisticID\" FROM system.table_statistics WHERE \"tableID\" = $1 ORDER BY \"createdAt\" DESC, \"columnIDs\" DESC, \"statisticID\" DESC›"
						},
						{
							"time": "2025-12-03T15:54:10.612513Z",
							"message": "sql/catalog/descs/leased_descriptors.go:360 [n1,client=127.0.0.1:50176,hostssl,user=‹demo›,intExec=get-table-statistics] releasing 2 descriptors"
						},
						{
							"time": "2025-12-03T15:54:10.612528Z",
							"message": "sql/catalog/lease/descriptor_state.go:230 [n1,client=127.0.0.1:50176,hostssl,user=‹demo›,intExec=get-table-statistics] release: 1(‹\"system\"›,010180d68885f0e23a43348eed4a3c2208945b) ver=1:0,0, refcount=0"
						},
						{
							"time": "2025-12-03T15:54:10.612538Z",
							"message": "sql/catalog/lease/descriptor_state.go:230 [n1,client=127.0.0.1:50176,hostssl,user=‹demo›,intExec=get-table-statistics] release: 20(‹\"table_statistics\"›,010180d68885f0e23a43348eed4a3c2208945b) ver=1:0,0, refcount=0"
						},
						{
							"time": "2025-12-03T15:54:10.612571Z",
							"message": "sql/conn_executor.go:1355 [n1,client=127.0.0.1:50176,hostssl,user=‹demo›,intExec=get-table-statistics] finishing connExecutor"
						},
						{
							"time": "2025-12-03T15:54:10.612580Z",
							"message": "sql/catalog/descs/leased_descriptors.go:360 [n1,client=127.0.0.1:50176,hostssl,user=‹demo›,intExec=get-table-statistics] releasing 0 descriptors"
						}
					],
					"structuredRecords": [
					],
					"childrenMetadata": {
						"/cockroach.roachpb.Internal/Batch": {
							"duration": "0.000739875s",
							"count": "2"
						},
						"colbatchscan": {
							"duration": "0.000588166s",
							"count": "1",
							"containsUnfinished": true
						},
						"commit sql txn": {
							"duration": "0.000003458s",
							"count": "1"
						},
						"dist sender send": {
							"duration": "0.001129250s",
							"count": "2"
						},
						"flow": {
							"duration": "0.000836459s",
							"count": "1"
						},
						"flow coordinator": {
							"duration": "0.000612125s",
							"count": "1"
						},
						"is-alive": {
							"duration": "0.000923667s",
							"count": "1"
						},
						"materializer": {
							"duration": "0.000599667s",
							"count": "1"
						},
						"optimizer": {
							"duration": "0.000185666s",
							"count": "1"
						},
						"prepare stmt": {
							"duration": "0.000144833s",
							"count": "1"
						},
						"sql query": {
							"duration": "0.001453708s",
							"count": "1"
						},
						"sql txn": {
							"duration": "0.001774792s",
							"count": "1"
						},
						"txn coordinator send": {
							"duration": "0.001250375s",
							"count": "2"
						}
					},
					"children": [
						{
							"operation": "sql txn",
							"tagGroups": [
								{
									"tags": [
										{
											"key": "_verbose",
											"value": "1"
										},
										{
											"key": "node",
											"value": "1"
										},
										{
											"key": "client",
											"value": "127.0.0.1:50176"
										},
										{
											"key": "hostssl"
										},
										{
											"key": "user",
											"value": "demo"
										},
										{
											"key": "intExec",
											"value": "get-table-statistics"
										},
										{
											"key": "implicit",
											"value": "true"
										},
										{
											"key": "txn",
											"value": "9fc7eac4-e27e-4fce-b542-d41521663a3e"
										}
									]
								}
							],
							"startTime": "2025-12-03T15:54:10.610710Z",
							"duration": "0.001774792s",
							"logs": [
								{
									"time": "2025-12-03T15:54:10.610733Z",
									"message": "sql/conn_executor.go:2400 [n1,client=127.0.0.1:50176,hostssl,user=‹demo›,intExec=get-table-statistics] [‹Open› pos:‹0›] executing ‹PrepareStmt: SELECT \"tableID\", \"statisticID\", name, \"columnIDs\", \"createdAt\", \"rowCount\", \"distinctCount\", \"nullCount\", \"avgSize\", \"partialPredicate\", histogram, \"fullStatisticID\" FROM system.table_statistics WHERE \"tableID\" = $1 ORDER BY \"createdAt\" DESC, \"columnIDs\" DESC, \"statisticID\" DESC›"
								},
								{
									"time": "2025-12-03T15:54:10.610912Z",
									"message": "sql/conn_executor.go:2400 [n1,client=127.0.0.1:50176,hostssl,user=‹demo›,intExec=get-table-statistics] [‹Open› pos:‹1›] executing ‹BindStmt: \"\"-\u003e\"\"›"
								},
								{
									"time": "2025-12-03T15:54:10.610928Z",
									"message": "sql/conn_executor.go:2400 [n1,client=127.0.0.1:50176,hostssl,user=‹demo›,intExec=get-table-statistics] [‹Open› pos:‹2›] executing ‹ExecPortal name: \"\"›"
								},
								{
									"time": "2025-12-03T15:54:10.610940Z",
									"message": "sql/conn_executor.go:2492 [n1,client=127.0.0.1:50176,hostssl,user=‹demo›,intExec=get-table-statistics] portal resolved to: ‹SELECT \"tableID\", \"statisticID\", name, \"columnIDs\", \"createdAt\", \"rowCount\", \"distinctCount\", \"nullCount\", \"avgSize\", \"partialPredicate\", histogram, \"fullStatisticID\" FROM system.table_statistics WHERE \"tableID\" = $1 ORDER BY \"createdAt\" DESC, \"columnIDs\" DESC, \"statisticID\" DESC›"
								},
								{
									"time": "2025-12-03T15:54:10.610968Z",
									"message": "sql/conn_executor_exec.go:124 [n1,client=127.0.0.1:50176,hostssl,user=‹demo›,intExec=get-table-statistics] executing: ‹SELECT \"tableID\", \"statisticID\", name, \"columnIDs\", \"createdAt\", \"rowCount\", \"distinctCount\", \"nullCount\", \"avgSize\", \"partialPredicate\", histogram, \"fullStatisticID\" FROM system.table_statistics WHERE \"tableID\" = $1 ORDER BY \"createdAt\" DESC, \"columnIDs\" DESC, \"statisticID\" DESC› in state: ‹Open›"
								},
								{
									"time": "2025-12-03T15:54:10.612467Z",
									"message": "sql/conn_executor.go:2400 [n1,client=127.0.0.1:50176,hostssl,user=‹demo›,intExec=get-table-statistics] [‹Open› pos:‹3›] executing ‹Sync›"
								},
								{
									"time": "2025-12-03T15:54:10.612482Z",
									"message": "sql/conn_executor_exec.go:4215 [n1,client=127.0.0.1:50176,hostssl,user=‹demo›,intExec=get-table-statistics] AutoCommit. err: \u003cnil\u003e"
								}
							],
							"structuredRecords": [
							],
							"childrenMetadata": {
								"/cockroach.roachpb.Internal/Batch": {
									"duration": "0.000739875s",
									"count": "2"
								},
								"colbatchscan": {
									"duration": "0.000588166s",
									"count": "1",
									"containsUnfinished": true
								},
								"commit sql txn": {
									"duration": "0.000003458s",
									"count": "1"
								},
								"dist sender send": {
									"duration": "0.001129250s",
									"count": "2"
								},
								"flow": {
									"duration": "0.000836459s",
									"count": "1"
								},
								"flow coordinator": {
									"duration": "0.000612125s",
									"count": "1"
								},
								"is-alive": {
									"duration": "0.000923667s",
									"count": "1"
								},
								"materializer": {
									"duration": "0.000599667s",
									"count": "1"
								},
								"optimizer": {
									"duration": "0.000185666s",
									"count": "1"
								},
								"prepare stmt": {
									"duration": "0.000144833s",
									"count": "1"
								},
								"sql query": {
									"duration": "0.001453708s",
									"count": "1"
								},
								"txn coordinator send": {
									"duration": "0.001250375s",
									"count": "2"
								}
							},
							"children": [
								{
									"operation": "prepare stmt",
									"tagGroups": [
										{
											"tags": [
												{
													"key": "_verbose",
													"value": "1"
												},
												{
													"key": "node",
													"value": "1"
												},
												{
													"key": "client",
													"value": "127.0.0.1:50176"
												},
												{
													"key": "hostssl"
												},
												{
													"key": "user",
													"value": "demo"
												},
												{
													"key": "intExec",
													"value": "get-table-statistics"
												}
											]
										}
									],
									"startTime": "2025-12-03T15:54:10.610734Z",
									"duration": "0.000144833s",
									"logs": [
										{
											"time": "2025-12-03T15:54:10.610787Z",
											"message": "sql/catalog/lease/descriptor_version_state.go:128 [n1,client=127.0.0.1:50176,hostssl,user=‹demo›,intExec=get-table-statistics] descriptorVersionState.incRefCount: 1(‹\"system\"›,010180d68885f0e23a43348eed4a3c2208945b) ver=1:0,0, refcount=1"
										},
										{
											"time": "2025-12-03T15:54:10.610803Z",
											"message": "sql/catalog/descs/descriptor.go:132 [n1,client=127.0.0.1:50176,hostssl,user=‹demo›,intExec=get-table-statistics] looking up descriptors for ids [1]"
										},
										{
											"time": "2025-12-03T15:54:10.610810Z",
											"message": "sql/catalog/descs/descriptor.go:132 [n1,client=127.0.0.1:50176,hostssl,user=‹demo›,intExec=get-table-statistics] looking up descriptors for ids [29]"
										},
										{
											"time": "2025-12-03T15:54:10.610819Z",
											"message": "sql/catalog/lease/descriptor_version_state.go:128 [n1,client=127.0.0.1:50176,hostssl,user=‹demo›,intExec=get-table-statistics] descriptorVersionState.incRefCount: 20(‹\"table_statistics\"›,010180d68885f0e23a43348eed4a3c2208945b) ver=1:0,0, refcount=1"
										},
										{
											"time": "2025-12-03T15:54:10.610824Z",
											"message": "sql/catalog/descs/descriptor.go:132 [n1,client=127.0.0.1:50176,hostssl,user=‹demo›,intExec=get-table-statistics] looking up descriptors for ids [20]"
										},
										{
											"time": "2025-12-03T15:54:10.610854Z",
											"message": "sql/plan_opt.go:431 [n1,client=127.0.0.1:50176,hostssl,user=‹demo›,intExec=get-table-statistics] ‹query cache hit (prepare)›"
										},
										{
											"time": "2025-12-03T15:54:10.610875Z",
											"message": "sql/conn_executor_prepare.go:344 [n1,client=127.0.0.1:50176,hostssl,user=‹demo›,intExec=get-table-statistics] ‹optimizer prepare succeeded›"
										}
									],
									"structuredRecords": [
									]
								},
								{
									"operation": "sql query",
									"tagGroups": [
										{
											"tags": [
												{
													"key": "_verbose",
													"value": "1"
												},
												{
													"key": "node",
													"value": "1"
												},
												{
													"key": "client",
													"value": "127.0.0.1:50176"
												},
												{
													"key": "hostssl"
												},
												{
													"key": "user",
													"value": "demo"
												},
												{
													"key": "intExec",
													"value": "get-table-statistics"
												},
												{
													"key": "statement",
													"value": "SELECT\n\t\"tableID\",\n\t\"statisticID\",\n\tname,\n\t\"columnIDs\",\n\t\"createdAt\",\n\t\"rowCount\",\n\t\"distinctCount\",\n\t\"nullCount\",\n\t\"avgSize\",\n\t\"partialPredicate\",\n\thistogram,\n\t\"fullStatisticID\"\nFROM system.table_statistics\nWHERE \"tableID\" = $1\nORDER BY \"createdAt\" DESC, \"columnIDs\" DESC, \"statisticID\" DESC\n"
												}
											]
										}
									],
									"startTime": "2025-12-03T15:54:10.610984Z",
									"duration": "0.001453708s",
									"logs": [
										{
											"time": "2025-12-03T15:54:10.611195Z",
											"message": "sql/conn_executor_exec.go:1087 [n1,client=127.0.0.1:50176,hostssl,user=‹demo›,intExec=get-table-statistics] planning ends"
										},
										{
											"time": "2025-12-03T15:54:10.611210Z",
											"message": "sql/conn_executor_exec.go:1087 [n1,client=127.0.0.1:50176,hostssl,user=‹demo›,intExec=get-table-statistics] checking distributability"
										},
										{
											"time": "2025-12-03T15:54:10.611232Z",
											"message": "sql/distsql_physical_planner.go:745 [n1,client=127.0.0.1:50176,hostssl,user=‹demo›,intExec=get-table-statistics] sort (no stats) recommends plan distribution"
										},
										{
											"time": "2025-12-03T15:54:10.611239Z",
											"message": "sql/conn_executor_exec.go:1087 [n1,client=127.0.0.1:50176,hostssl,user=‹demo›,intExec=get-table-statistics] will distribute plan: true"
										},
										{
											"time": "2025-12-03T15:54:10.611247Z",
											"message": "sql/conn_executor_exec.go:1087 [n1,client=127.0.0.1:50176,hostssl,user=‹demo›,intExec=get-table-statistics] executing after 0 retries, last retry reason: \u003cnil\u003e"
										},
										{
											"time": "2025-12-03T15:54:10.611265Z",
											"message": "sql/conn_executor_exec.go:1087 [n1,client=127.0.0.1:50176,hostssl,user=‹demo›,intExec=get-table-statistics] execution starts: distributed engine"
										},
										{
											"time": "2025-12-03T15:54:10.611277Z",
											"message": "sql/distsql_running.go:2083 [n1,client=127.0.0.1:50176,hostssl,user=‹demo›,intExec=get-table-statistics] creating DistSQL plan with isLocal=false"
										},
										{
											"time": "2025-12-03T15:54:10.611313Z",
											"message": "sql/distsql_physical_planner.go:1777 [n1,client=127.0.0.1:50176,hostssl,user=‹demo›,intExec=get-table-statistics] all SQL instances available for distributed planning: [Instance{RegionPrefix: gA==, InstanceID: 1, SQLAddr: ‹127.0.0.1:26257›, RPCAddr: ‹127.0.0.1:26357›, SessionID: 010180d68885f0e23a43348eed4a3c2208945b, Locality: ‹region=us-east1,az=b›, BinaryVersion: 25.2}]"
										},
										{
											"time": "2025-12-03T15:54:10.611354Z",
											"message": "kv/kvclient/kvcoord/range_iter.go:183 [n1,client=127.0.0.1:50176,hostssl,user=‹demo›,intExec=get-table-statistics] querying next range at /Table/20/1/‹104›"
										},
										{
											"time": "2025-12-03T15:54:10.611388Z",
											"message": "kv/kvclient/kvcoord/range_iter.go:220 [n1,client=127.0.0.1:50176,hostssl,user=‹demo›,intExec=get-table-statistics] key: /Table/20/1/‹104›, desc: r23:‹/Table/2{0-1}› [(n1,s1):1, next=2, gen=0]"
										},
										{
											"time": "2025-12-03T15:54:10.611411Z",
											"message": "sql/distsql_physical_planner.go:1602 [n1,client=127.0.0.1:50176,hostssl,user=‹demo›,intExec=get-table-statistics] partition span: ‹/Table/20/1/10{4-5}›, instance ID: 1, reason: ‹target-healthy›"
										},
										{
											"time": "2025-12-03T15:54:10.611433Z",
											"message": "sql/distsql_running.go:760 [n1,client=127.0.0.1:50176,hostssl,user=‹demo›,intExec=get-table-statistics] noMutations = true"
										},
										{
											"time": "2025-12-03T15:54:10.611440Z",
											"message": "sql/distsql_running.go:806 [n1,client=127.0.0.1:50176,hostssl,user=‹demo›,intExec=get-table-statistics] containsLocking = false"
										},
										{
											"time": "2025-12-03T15:54:10.611463Z",
											"message": "sql/distsql_running.go:895 [n1,client=127.0.0.1:50176,hostssl,user=‹demo›,intExec=get-table-statistics] ‹running DistSQL plan›"
										},
										{
											"time": "2025-12-03T15:54:10.612336Z",
											"message": "sql/conn_executor_exec.go:1087 [n1,client=127.0.0.1:50176,hostssl,user=‹demo›,intExec=get-table-statistics] execution ends"
										},
										{
											"time": "2025-12-03T15:54:10.612343Z",
											"message": "sql/conn_executor_exec.go:1087 [n1,client=127.0.0.1:50176,hostssl,user=‹demo›,intExec=get-table-statistics] rows affected: 0"
										}
									],
									"structuredRecords": [
									],
									"childrenMetadata": {
										"/cockroach.roachpb.Internal/Batch": {
											"duration": "0.000739875s",
											"count": "2"
										},
										"colbatchscan": {
											"duration": "0.000588166s",
											"count": "1",
											"containsUnfinished": true
										},
										"dist sender send": {
											"duration": "0.001129250s",
											"count": "2"
										},
										"flow": {
											"duration": "0.000836459s",
											"count": "1"
										},
										"flow coordinator": {
											"duration": "0.000612125s",
											"count": "1"
										},
										"is-alive": {
											"duration": "0.000923667s",
											"count": "1"
										},
										"materializer": {
											"duration": "0.000599667s",
											"count": "1"
										},
										"optimizer": {
											"duration": "0.000185666s",
											"count": "1"
										},
										"txn coordinator send": {
											"duration": "0.001250375s",
											"count": "2"
										}
									},
									"children": [
										{
											"operation": "optimizer",
											"tagGroups": [
												{
													"tags": [
														{
															"key": "_verbose",
															"value": "1"
														},
														{
															"key": "node",
															"value": "1"
														},
														{
															"key": "client",
															"value": "127.0.0.1:50176"
														},
														{
															"key": "hostssl"
														},
														{
															"key": "user",
															"value": "demo"
														},
														{
															"key": "intExec",
															"value": "get-table-statistics"
														}
													]
												}
											],
											"startTime": "2025-12-03T15:54:10.610988Z",
											"duration": "0.000185666s",
											"logs": [
												{
													"time": "2025-12-03T15:54:10.611Z",
													"message": "sql/plan_opt.go:431 [n1,client=127.0.0.1:50176,hostssl,user=‹demo›,intExec=get-table-statistics] ‹reusing cached memo›"
												},
												{
													"time": "2025-12-03T15:54:10.611091Z",
													"message": "sql/opt/xform/optimizer.go:237 [n1,client=127.0.0.1:50176,hostssl,user=‹demo›,intExec=get-table-statistics] optimize start"
												},
												{
													"time": "2025-12-03T15:54:10.611143Z",
													"message": "sql/opt/xform/optimizer.go:286 [n1,client=127.0.0.1:50176,hostssl,user=‹demo›,intExec=get-table-statistics] optimize finish"
												}
											],
											"structuredRecords": [
											]
										},
										{
											"operation": "is-alive",
											"tagGroups": [
												{
													"tags": [
														{
															"key": "_verbose",
															"value": "1"
														},
														{
															"key": "node",
															"value": "1"
														},
														{
															"key": "client",
															"value": "127.0.0.1:50176"
														},
														{
															"key": "hostssl"
														},
														{
															"key": "user",
															"value": "demo"
														},
														{
															"key": "intExec",
															"value": "get-table-statistics"
														},
														{
															"key": "session ID",
															"value": "\u0001\u0001\ufffdֈ\ufffd\ufffd\ufffd:C4\ufffd\ufffdJ\u003c\"\b\ufffd["
														}
													]
												}
											],
											"startTime": "2025-12-03T15:54:10.611288Z",
											"duration": "0.000923667s",
											"logs": [
												{
													"time": "2025-12-03T15:54:10.612208Z",
													"message": "kv/txn.go:1144 [n1,client=127.0.0.1:50176,hostssl,user=‹demo›,intExec=get-table-statistics] kv.Txn did AutoCommit. err: \u003cnil\u003e"
												}
											],
											"structuredRecords": [
											],
											"childrenMetadata": {
												"/cockroach.roachpb.Internal/Batch": {
													"duration": "0.000496250s",
													"count": "1"
												},
												"dist sender send": {
													"duration": "0.000753125s",
													"count": "1"
												},
												"txn coordinator send": {
													"duration": "0.000822500s",
													"count": "1"
												}
											},
											"children": [
												{
													"operation": "txn coordinator send",
													"tagGroups": [
														{
															"tags": [
																{
																	"key": "_verbose",
																	"value": "1"
																},
																{
																	"key": "node",
																	"value": "1"
																},
																{
																	"key": "client",
																	"value": "127.0.0.1:50176"
																},
																{
																	"key": "hostssl"
																},
																{
																	"key": "user",
																	"value": "demo"
																},
																{
																	"key": "intExec",
																	"value": "get-table-statistics"
																},
																{
																	"key": "txnID",
																	"value": "d9d400c0-e2de-4ffe-b061-1204e5d74d32"
																}
															]
														}
													],
													"startTime": "2025-12-03T15:54:10.611350Z",
													"duration": "0.000822500s",
													"logs": [
														{
															"time": "2025-12-03T15:54:10.612170Z",
															"message": "kv/kvclient/kvcoord/txn_interceptor_span_refresher.go:656 [n1,client=127.0.0.1:50176,hostssl,user=‹demo›,intExec=get-table-statistics,txn=‹d9d400c0›] recording span to refresh: ‹/Table/39/2/\"\\x80\"/\"\\x01\\x01\\x80ֈ\\x85\\xf0\\xe2:C4\\x8e\\xedJ\u003c\\\"\\b\\x94[\"/0›"
														}
													],
													"structuredRecords": [
													],
													"childrenMetadata": {
														"/cockroach.roachpb.Internal/Batch": {
															"duration": "0.000496250s",
															"count": "1"
														},
														"dist sender send": {
															"duration": "0.000753125s",
															"count": "1"
														}
													},
													"children": [
														{
															"operation": "dist sender send",
															"tagGroups": [
																{
																	"tags": [
																		{
																			"key": "_verbose",
																			"value": "1"
																		},
																		{
																			"key": "node",
																			"value": "1"
																		},
																		{
																			"key": "client",
																			"value": "127.0.0.1:50176"
																		},
																		{
																			"key": "hostssl"
																		},
																		{
																			"key": "user",
																			"value": "demo"
																		},
																		{
																			"key": "intExec",
																			"value": "get-table-statistics"
																		},
																		{
																			"key": "txn",
																			"value": "d9d400c0"
																		}
																	]
																}
															],
															"startTime": "2025-12-03T15:54:10.611374Z",
															"duration": "0.000753125s",
															"logs": [
																{
																	"time": "2025-12-03T15:54:10.611437Z",
																	"message": "kv/kvclient/kvcoord/range_iter.go:183 [n1,client=127.0.0.1:50176,hostssl,user=‹demo›,intExec=get-table-statistics,txn=‹d9d400c0›] querying next range at /Table/39/2/‹\"\\x80\"›/‹\"\\x01\\x01\\x80ֈ\\x85\\xf0\\xe2:C4\\x8e\\xedJ\u003c\\\"\\b\\x94[\"›/‹0›"
																},
																{
																	"time": "2025-12-03T15:54:10.611477Z",
																	"message": "kv/kvclient/kvcoord/range_iter.go:220 [n1,client=127.0.0.1:50176,hostssl,user=‹demo›,intExec=get-table-statistics,txn=‹d9d400c0›] key: /Table/39/2/‹\"\\x80\"›/‹\"\\x01\\x01\\x80ֈ\\x85\\xf0\\xe2:C4\\x8e\\xedJ\u003c\\\"\\b\\x94[\"›/‹0›, desc: r42:‹/Table/{39-40}› [(n1,s1):1, next=2, gen=0]"
																},
																{
																	"time": "2025-12-03T15:54:10.611533Z",
																	"message": "kv/kvclient/kvcoord/dist_sender.go:2661 [n1,client=127.0.0.1:50176,hostssl,user=‹demo›,intExec=get-table-statistics,txn=‹d9d400c0›] r42: sending batch ‹1 Get› to (n1,s1):1"
																},
																{
																	"time": "2025-12-03T15:54:10.611562Z",
																	"message": "rpc/nodedialer/nodedialer.go:141 [n1,client=127.0.0.1:50176,hostssl,user=‹demo›,intExec=get-table-statistics,txn=‹d9d400c0›] ‹sending request to local client›"
																},
																{
																	"time": "2025-12-03T15:54:10.611595Z",
																	"message": "kv/kvclient/kvcoord/transport.go:208 [n1,client=127.0.0.1:50176,hostssl,user=‹demo›,intExec=get-table-statistics,txn=‹d9d400c0›] ‹sending batch request›"
																},
																{
																	"time": "2025-12-03T15:54:10.612126Z",
																	"message": "kv/kvclient/kvcoord/transport.go:210 [n1,client=127.0.0.1:50176,hostssl,user=‹demo›,intExec=get-table-statistics,txn=‹d9d400c0›] ‹received batch response›"
																}
															],
															"structuredRecords": [
															],
															"childrenMetadata": {
																"/cockroach.roachpb.Internal/Batch": {
																	"duration": "0.000496250s",
																	"count": "1"
																}
															},
															"children": [
																{
																	"operation": "/cockroach.roachpb.Internal/Batch",
																	"tagGroups": [
																		{
																			"tags": [
																				{
																					"key": "_verbose",
																					"value": "1"
																				},
																				{
																					"key": "node",
																					"value": "1"
																				},
																				{
																					"key": "span.kind",
																					"value": "server"
																				},
																				{
																					"key": "request",
																					"value": "Get [/Table/39/2/\"\\x80\"/\"\\x01\\x01\\x80ֈ\\x85\\xf0\\xe2:C4\\x8e\\xedJ\u003c\\\"\\b\\x94[\"/0], [txn: d9d400c0], [can-forward-ts]"
																				}
																			]
																		}
																	],
																	"startTime": "2025-12-03T15:54:10.611604Z",
																	"duration": "0.000496250s",
																	"logs": [
																		{
																			"time": "2025-12-03T15:54:10.611613Z",
																			"message": "server/node.go:1612 [n1] node received request: ‹1 Get›"
																		},
																		{
																			"time": "2025-12-03T15:54:10.611650Z",
																			"message": "kv/kvserver/store_send.go:149 [n1,s1] executing Get [/Table/39/2/‹\"\\x80\"›/‹\"\\x01\\x01\\x80ֈ\\x85\\xf0\\xe2:C4\\x8e\\xedJ\u003c\\\"\\b\\x94[\"›/‹0›], [txn: d9d400c0], [can-forward-ts]"
																		},
																		{
																			"time": "2025-12-03T15:54:10.611661Z",
																			"message": "kv/kvserver/replica_send.go:171 [n1,s1,r42/1:/Table/{39-40}] read-only path"
																		},
																		{
																			"time": "2025-12-03T15:54:10.611683Z",
																			"message": "kv/kvserver/concurrency/concurrency_manager.go:259 [n1,s1,r42/1:/Table/{39-40}] sequencing request"
																		},
																		{
																			"time": "2025-12-03T15:54:10.611695Z",
																			"message": "kv/kvserver/concurrency/concurrency_manager.go:340 [n1,s1,r42/1:/Table/{39-40}] acquiring latches"
																		},
																		{
																			"time": "2025-12-03T15:54:10.611703Z",
																			"message": "kv/kvserver/concurrency/concurrency_manager.go:384 [n1,s1,r42/1:/Table/{39-40}] scanning lock table for conflicting locks"
																		},
																		{
																			"time": "2025-12-03T15:54:10.611831Z",
																			"message": "kv/kvserver/replica_read.go:308 [n1,s1,r42/1:/Table/{39-40}] can drop latches early for batch (Get [/Table/39/2/‹\"\\x80\"›/‹\"\\x01\\x01\\x80ֈ\\x85\\xf0\\xe2:C4\\x8e\\xedJ\u003c\\\"\\b\\x94[\"›/‹0›], [txn: d9d400c0], [can-forward-ts]); scanning lock table first to detect conflicts"
																		},
																		{
																			"time": "2025-12-03T15:54:10.611875Z",
																			"message": "storage/engine.go:2095 [n1,s1,r42/1:/Table/{39-40}] lock table scan stats: ‹seeked 1 times (1 internal); stepped 0 times (0 internal)›"
																		},
																		{
																			"time": "2025-12-03T15:54:10.611887Z",
																			"message": "kv/kvserver/replica_read.go:120 [n1,s1,r42/1:/Table/{39-40}] lock table scan complete without conflicts; dropping latches early"
																		},
																		{
																			"time": "2025-12-03T15:54:10.611900Z",
																			"message": "kv/kvserver/replica_read.go:421 [n1,s1,r42/1:/Table/{39-40}] executing read-only batch"
																		},
																		{
																			"time": "2025-12-03T15:54:10.612054Z",
																			"message": "kv/kvserver/replica_evaluate.go:563 [n1,s1,r42/1:/Table/{39-40}] evaluated Get command ‹header:\u003ckvnemesis_seq:\u003c\u003e key:\"\\257\\212\\022\\200\\000\\001\\022\\001\\001\\200\\326\\210\\205\\360\\342:C4\\216\\355J\u003c\\\"\\010\\224[\\000\\001\\210\" \u003e ›, txn=\"unnamed\" meta={id=d9d400c0 key=/Min iso=Serializable pri=0.00626747 epo=0 ts=1764777250.611330000,0 min=1764777250.611330000,0 seq=0} lock=false stat=PENDING rts=1764777250.611330000,0 wto=false gul=1764777251.111330000,0 obs={n1@1764777250.611330000,0} : resp=‹header:\u003cnum_keys:1 num_bytes:21 \u003e value:\u003craw_bytes:\"\\346\\277^/\\n%\\0164\\2339\\005\\345C\\322\\200:|\\021\\n\\000\\000\" timestamp:\u003cwall_time:1764777246193939000 \u003e \u003e ›, err=\u003cnil\u003e"
																		},
																		{
																			"time": "2025-12-03T15:54:10.612072Z",
																			"message": "n1 scan stats: stepped 0 times (0 internal); seeked 1 times (1 internal); block-bytes: (total 0 B, cached 0 B, duration 0s); points: (count 1, key-bytes 39 B, value-bytes 21 B, tombstoned: 0) ranges: (count 0), (contained-points 0, skipped-points 0) evaluated requests: 1 gets, 0 scans, 0 reverse scans"
																		},
																		{
																			"time": "2025-12-03T15:54:10.612086Z",
																			"message": "kv/kvserver/replica_read.go:233 [n1,s1,r42/1:/Table/{39-40}] read completed"
																		},
																		{
																			"time": "2025-12-03T15:54:10.612100Z",
																			"message": "server/node.go:1706 [n1] node sending response"
																		}
																	],
																	"structuredRecords": [
																		{
																			"time": "2025-12-03T15:54:10.612060Z",
																			"payload": {
																				"@type": "type.googleapis.com/cockroach.roachpb.ScanStats",
																				"numInterfaceSeeks": "1",
																				"numInternalSeeks": "1",
																				"keyBytes": "39",
																				"valueBytes": "21",
																				"pointCount": "1",
																				"numGets": "1",
																				"nodeId": 1,
																				"region": "us-east1"
																			}
																		}
																	]
																}
															]
														}
													]
												}
											]
										},
										{
											"operation": "flow",
											"tagGroups": [
												{
													"tags": [
														{
															"key": "_verbose",
															"value": "1"
														},
														{
															"key": "node",
															"value": "1"
														},
														{
															"key": "client",
															"value": "127.0.0.1:50176"
														},
														{
															"key": "hostssl"
														},
														{
															"key": "user",
															"value": "demo"
														},
														{
															"key": "intExec",
															"value": "get-table-statistics"
														}
													]
												}
											],
											"startTime": "2025-12-03T15:54:10.611465Z",
											"duration": "0.000836459s",
											"logs": [
												{
													"time": "2025-12-03T15:54:10.611502Z",
													"message": "sql/colflow/vectorized_flow.go:227 [n1,client=127.0.0.1:50176,hostssl,user=‹demo›,intExec=get-table-statistics] ‹setting up vectorized flow›"
												},
												{
													"time": "2025-12-03T15:54:10.611614Z",
													"message": "sql/colflow/vectorized_flow.go:268 [n1,client=127.0.0.1:50176,hostssl,user=‹demo›,intExec=get-table-statistics] vectorized flow setup succeeded"
												},
												{
													"time": "2025-12-03T15:54:10.611630Z",
													"message": "sql/flowinfra/flow.go:460 [n1,client=127.0.0.1:50176,hostssl,user=‹demo›,intExec=get-table-statistics] starting (0 processors, 0 startables) asynchronously"
												},
												{
													"time": "2025-12-03T15:54:10.611672Z",
													"message": "sql/flowinfra/flow.go:572 [n1,client=127.0.0.1:50176,hostssl,user=‹demo›,intExec=get-table-statistics] running *colflow.FlowCoordinator in the flow's goroutine"
												},
												{
													"time": "2025-12-03T15:54:10.612300Z",
													"message": "ComponentStats{ID: {6090fd71-9be5-4247-bddf-c2bdb653b15c FLOW 0 1 ‹us-east1›}}"
												}
											],
											"structuredRecords": [
												{
													"time": "2025-12-03T15:54:10.612297Z",
													"payload": {
														"@type": "type.googleapis.com/cockroach.sql.distsqlrun.ComponentStats",
														"component": {
															"flowId": "6090fd71-9be5-4247-bddf-c2bdb653b15c",
															"type": "FLOW",
															"sqlInstanceId": 1,
															"region": "us-east1"
														},
														"netRx": {
															"latency": {

															},
															"waitTime": {

															},
															"deserializationTime": {

															},
															"tuplesReceived": {

															},
															"bytesReceived": {

															},
															"messagesReceived": {

															}
														},
														"netTx": {
															"tuplesSent": {

															},
															"bytesSent": {

															},
															"messagesSent": {

															}
														},
														"kv": {
															"bytesRead": {

															},
															"kvPairsRead": {

															},
															"tuplesRead": {

															},
															"batchRequestsIssued": {

															},
															"kvTime": {

															},
															"contentionTime": {

															},
															"lockWaitTime": {

															},
															"latchWaitTime": {

															},
															"numInterfaceSteps": {

															},
															"numInternalSteps": {

															},
															"numInterfaceSeeks": {

															},
															"numInternalSeeks": {

															},
															"blockBytes": {

															},
															"blockBytesInCache": {

															},
															"keyBytes": {

															},
															"valueBytes": {

															},
															"pointCount": {

															},
															"pointsCoveredByRangeTombstones": {

															},
															"rangeKeyCount": {

															},
															"rangeKeyContainedPoints": {

															},
															"rangeKeySkippedPoints": {

															},
															"kvCpuTime": {

															},
															"numGets": {

															},
															"numScans": {

															},
															"numReverseScans": {

															}
														},
														"exec": {
															"execTime": {

															},
															"maxAllocatedMem": {

															},
															"maxAllocatedDisk": {

															},
															"consumedRu": {

															},
															"cpuTime": {

															}
														},
														"output": {
															"numBatches": {

															},
															"numTuples": {

															}
														},
														"flowStats": {
															"maxMemUsage": {
																"valuePlusOne": "20481"
															},
															"maxDiskUsage": {
																"valuePlusOne": "1"
															},
															"consumedRu": {

															}
														}
													}
												}
											],
											"childrenMetadata": {
												"/cockroach.roachpb.Internal/Batch": {
													"duration": "0.000243625s",
													"count": "1"
												},
												"colbatchscan": {
													"duration": "0.000588166s",
													"count": "1",
													"containsUnfinished": true
												},
												"dist sender send": {
													"duration": "0.000376125s",
													"count": "1"
												},
												"flow coordinator": {
													"duration": "0.000612125s",
													"count": "1"
												},
												"materializer": {
													"duration": "0.000599667s",
													"count": "1"
												},
												"txn coordinator send": {
													"duration": "0.000427875s",
													"count": "1"
												}
											},
											"children": [
												{
													"operation": "flow coordinator",
													"tagGroups": [
														{
															"tags": [
																{
																	"key": "_verbose",
																	"value": "1"
																},
																{
																	"key": "node",
																	"value": "1"
																},
																{
																	"key": "client",
																	"value": "127.0.0.1:50176"
																},
																{
																	"key": "hostssl"
																},
																{
																	"key": "user",
																	"value": "demo"
																},
																{
																	"key": "intExec",
																	"value": "get-table-statistics"
																},
																{
																	"key": "cockroach.flowid",
																	"value": "6090fd71-9be5-4247-bddf-c2bdb653b15c"
																},
																{
																	"key": "cockroach.processorid",
																	"value": "1"
																}
															]
														}
													],
													"startTime": "2025-12-03T15:54:10.611673Z",
													"duration": "0.000612125s",
													"structuredRecords": [
													],
													"childrenMetadata": {
														"/cockroach.roachpb.Internal/Batch": {
															"duration": "0.000243625s",
															"count": "1"
														},
														"colbatchscan": {
															"duration": "0.000588166s",
															"count": "1",
															"containsUnfinished": true
														},
														"dist sender send": {
															"duration": "0.000376125s",
															"count": "1"
														},
														"materializer": {
															"duration": "0.000599667s",
															"count": "1"
														},
														"txn coordinator send": {
															"duration": "0.000427875s",
															"count": "1"
														}
													},
													"children": [
														{
															"operation": "materializer",
															"tagGroups": [
																{
																	"tags": [
																		{
																			"key": "_verbose",
																			"value": "1"
																		},
																		{
																			"key": "node",
																			"value": "1"
																		},
																		{
																			"key": "client",
																			"value": "127.0.0.1:50176"
																		},
																		{
																			"key": "hostssl"
																		},
																		{
																			"key": "user",
																			"value": "demo"
																		},
																		{
																			"key": "intExec",
																			"value": "get-table-statistics"
																		},
																		{
																			"key": "cockroach.flowid",
																			"value": "6090fd71-9be5-4247-bddf-c2bdb653b15c"
																		},
																		{
																			"key": "cockroach.processorid",
																			"value": "1"
																		}
																	]
																}
															],
															"startTime": "2025-12-03T15:54:10.611675Z",
															"duration": "0.000599667s",
															"logs": [
																{
																	"time": "2025-12-03T15:54:10.612265Z",
																	"message": "ComponentStats{ID: {6090fd71-9be5-4247-bddf-c2bdb653b15c PROCESSOR 0 1 }, KV nodes: n1, KV regions: ‹us-east1›, KV time: 536µs, KV rows decoded: 0, KV bytes read: ‹0 B›, KV gRPC calls: 1, KV pairs read: 0, MVCC step count (ext/int): ‹0/0›, MVCC seek count (ext/int): ‹1/1›, max memory allocated: ‹20 KiB›, sql cpu time: 15µs, batches output: 0, rows output: 0}"
																},
																{
																	"time": "2025-12-03T15:54:10.612272Z",
																	"message": "ComponentStats{ID: {6090fd71-9be5-4247-bddf-c2bdb653b15c PROCESSOR 1 1 }, execution time: 14µs, max memory allocated: ‹0 B›, sql cpu time: 14µs, batches output: 0, rows output: 0}"
																}
															],
															"structuredRecords": [
																{
																	"time": "2025-12-03T15:54:10.612241Z",
																	"payload": {
																		"@type": "type.googleapis.com/cockroach.sql.distsqlrun.ComponentStats",
																		"component": {
																			"flowId": "6090fd71-9be5-4247-bddf-c2bdb653b15c",
																			"type": "PROCESSOR",
																			"sqlInstanceId": 1
																		},
																		"netRx": {
																			"latency": {

																			},
																			"waitTime": {

																			},
																			"deserializationTime": {

																			},
																			"tuplesReceived": {

																			},
																			"bytesReceived": {

																			},
																			"messagesReceived": {

																			}
																		},
																		"netTx": {
																			"tuplesSent": {

																			},
																			"bytesSent": {

																			},
																			"messagesSent": {

																			}
																		},
																		"kv": {
																			"bytesRead": {
																				"valuePlusOne": "1"
																			},
																			"kvPairsRead": {
																				"valuePlusOne": "1"
																			},
																			"tuplesRead": {
																				"valuePlusOne": "1"
																			},
																			"batchRequestsIssued": {
																				"valuePlusOne": "2"
																			},
																			"kvTime": {
																				"valuePlusOne": "0.000536209s"
																			},
																			"contentionTime": {
																				"valuePlusOne": "0.000000001s"
																			},
																			"lockWaitTime": {
																				"valuePlusOne": "0.000000001s"
																			},
																			"latchWaitTime": {
																				"valuePlusOne": "0.000000001s"
																			},
																			"numInterfaceSteps": {
																				"valuePlusOne": "1"
																			},
																			"numInternalSteps": {
																				"valuePlusOne": "1"
																			},
																			"numInterfaceSeeks": {
																				"valuePlusOne": "2"
																			},
																			"numInternalSeeks": {
																				"valuePlusOne": "2"
																			},
																			"blockBytes": {
																				"valuePlusOne": "1"
																			},
																			"blockBytesInCache": {
																				"valuePlusOne": "1"
																			},
																			"keyBytes": {
																				"valuePlusOne": "1"
																			},
																			"valueBytes": {
																				"valuePlusOne": "1"
																			},
																			"pointCount": {
																				"valuePlusOne": "1"
																			},
																			"pointsCoveredByRangeTombstones": {
																				"valuePlusOne": "1"
																			},
																			"rangeKeyCount": {
																				"valuePlusOne": "1"
																			},
																			"rangeKeyContainedPoints": {
																				"valuePlusOne": "1"
																			},
																			"rangeKeySkippedPoints": {
																				"valuePlusOne": "1"
																			},
																			"kvCpuTime": {

																			},
																			"numGets": {
																				"valuePlusOne": "1"
																			},
																			"numScans": {
																				"valuePlusOne": "2"
																			},
																			"numReverseScans": {
																				"valuePlusOne": "1"
																			},
																			"nodeIds": [
																				1
																			],
																			"regions": [
																				"us-east1"
																			]
																		},
																		"exec": {
																			"execTime": {

																			},
																			"maxAllocatedMem": {
																				"valuePlusOne": "20481"
																			},
																			"maxAllocatedDisk": {

																			},
																			"consumedRu": {
																				"valuePlusOne": "1"
																			},
																			"cpuTime": {
																				"valuePlusOne": "0.000014835s"
																			}
																		},
																		"output": {
																			"numBatches": {
																				"valuePlusOne": "1"
																			},
																			"numTuples": {
																				"valuePlusOne": "1"
																			}
																		},
																		"flowStats": {
																			"maxMemUsage": {

																			},
																			"maxDiskUsage": {

																			},
																			"consumedRu": {

																			}
																		}
																	}
																},
																{
																	"time": "2025-12-03T15:54:10.612267Z",
																	"payload": {
																		"@type": "type.googleapis.com/cockroach.sql.distsqlrun.ComponentStats",
																		"component": {
																			"flowId": "6090fd71-9be5-4247-bddf-c2bdb653b15c",
																			"type": "PROCESSOR",
																			"id": 1,
																			"sqlInstanceId": 1
																		},
																		"netRx": {
																			"latency": {

																			},
																			"waitTime": {

																			},
																			"deserializationTime": {

																			},
																			"tuplesReceived": {

																			},
																			"bytesReceived": {

																			},
																			"messagesReceived": {

																			}
																		},
																		"netTx": {
																			"tuplesSent": {

																			},
																			"bytesSent": {

																			},
																			"messagesSent": {

																			}
																		},
																		"kv": {
																			"bytesRead": {

																			},
																			"kvPairsRead": {

																			},
																			"tuplesRead": {

																			},
																			"batchRequestsIssued": {

																			},
																			"kvTime": {

																			},
																			"contentionTime": {

																			},
																			"lockWaitTime": {

																			},
																			"latchWaitTime": {

																			},
																			"numInterfaceSteps": {

																			},
																			"numInternalSteps": {

																			},
																			"numInterfaceSeeks": {

																			},
																			"numInternalSeeks": {

																			},
																			"blockBytes": {

																			},
																			"blockBytesInCache": {

																			},
																			"keyBytes": {

																			},
																			"valueBytes": {

																			},
																			"pointCount": {

																			},
																			"pointsCoveredByRangeTombstones": {

																			},
																			"rangeKeyCount": {

																			},
																			"rangeKeyContainedPoints": {

																			},
																			"rangeKeySkippedPoints": {

																			},
																			"kvCpuTime": {

																			},
																			"numGets": {

																			},
																			"numScans": {

																			},
																			"numReverseScans": {

																			}
																		},
																		"exec": {
																			"execTime": {
																				"valuePlusOne": "0.000013710s"
																			},
																			"maxAllocatedMem": {
																				"valuePlusOne": "1"
																			},
																			"maxAllocatedDisk": {

																			},
																			"consumedRu": {

																			},
																			"cpuTime": {
																				"valuePlusOne": "0.000013626s"
																			}
																		},
																		"output": {
																			"numBatches": {
																				"valuePlusOne": "1"
																			},
																			"numTuples": {
																				"valuePlusOne": "1"
																			}
																		},
																		"flowStats": {
																			"maxMemUsage": {

																			},
																			"maxDiskUsage": {

																			},
																			"consumedRu": {

																			}
																		}
																	}
																}
															],
															"childrenMetadata": {
																"/cockroach.roachpb.Internal/Batch": {
																	"duration": "0.000243625s",
																	"count": "1"
																},
																"colbatchscan": {
																	"duration": "0.000588166s",
																	"count": "1",
																	"containsUnfinished": true
																},
																"dist sender send": {
																	"duration": "0.000376125s",
																	"count": "1"
																},
																"txn coordinator send": {
																	"duration": "0.000427875s",
																	"count": "1"
																}
															},
															"children": [
																{
																	"operation": "colbatchscan",
																	"tagGroups": [
																		{
																			"tags": [
																				{
																					"key": "_unfinished",
																					"value": "1"
																				},
																				{
																					"key": "_verbose",
																					"value": "1"
																				},
																				{
																					"key": "node",
																					"value": "1"
																				},
																				{
																					"key": "client",
																					"value": "127.0.0.1:50176"
																				},
																				{
																					"key": "hostssl"
																				},
																				{
																					"key": "user",
																					"value": "demo"
																				},
																				{
																					"key": "intExec",
																					"value": "get-table-statistics"
																				},
																				{
																					"key": "cockroach.flowid",
																					"value": "6090fd71-9be5-4247-bddf-c2bdb653b15c"
																				},
																				{
																					"key": "cockroach.processorid",
																					"value": "0"
																				}
																			]
																		}
																	],
																	"startTime": "2025-12-03T15:54:10.611688Z",
																	"duration": "0.000588541s",
																	"logs": [
																		{
																			"time": "2025-12-03T15:54:10.611785Z",
																			"message": "sql/row/kv_batch_fetcher.go:598 [n1,client=127.0.0.1:50176,hostssl,user=‹demo›,intExec=get-table-statistics] Scan ‹/Table/20/1/10{4-5}›"
																		},
																		{
																			"time": "2025-12-03T15:54:10.611793Z",
																			"message": "sql/row/kv_batch_fetcher.go:284 [n1,client=127.0.0.1:50176,hostssl,user=‹demo›,intExec=get-table-statistics] kv fetcher: sending a batch with 1 requests"
																		}
																	],
																	"structuredRecords": [
																	],
																	"childrenMetadata": {
																		"/cockroach.roachpb.Internal/Batch": {
																			"duration": "0.000243625s",
																			"count": "1"
																		},
																		"dist sender send": {
																			"duration": "0.000376125s",
																			"count": "1"
																		},
																		"txn coordinator send": {
																			"duration": "0.000427875s",
																			"count": "1"
																		}
																	},
																	"children": [
																		{
																			"operation": "txn coordinator send",
																			"tagGroups": [
																				{
																					"tags": [
																						{
																							"key": "_verbose",
																							"value": "1"
																						},
																						{
																							"key": "node",
																							"value": "1"
																						},
																						{
																							"key": "client",
																							"value": "127.0.0.1:50176"
																						},
																						{
																							"key": "hostssl"
																						},
																						{
																							"key": "user",
																							"value": "demo"
																						},
																						{
																							"key": "intExec",
																							"value": "get-table-statistics"
																						},
																						{
																							"key": "txnID",
																							"value": "9fc7eac4-e27e-4fce-b542-d41521663a3e"
																						}
																					]
																				}
																			],
																			"startTime": "2025-12-03T15:54:10.611795Z",
																			"duration": "0.000427875s",
																			"logs": [
																				{
																					"time": "2025-12-03T15:54:10.612222Z",
																					"message": "kv/kvclient/kvcoord/txn_interceptor_span_refresher.go:656 [n1,client=127.0.0.1:50176,hostssl,user=‹demo›,intExec=get-table-statistics,txn=‹9fc7eac4›] recording span to refresh: ‹/Table/20/1/10{4-5}›"
																				}
																			],
																			"structuredRecords": [
																			],
																			"childrenMetadata": {
																				"/cockroach.roachpb.Internal/Batch": {
																					"duration": "0.000243625s",
																					"count": "1"
																				},
																				"dist sender send": {
																					"duration": "0.000376125s",
																					"count": "1"
																				}
																			},
																			"children": [
																				{
																					"operation": "dist sender send",
																					"tagGroups": [
																						{
																							"tags": [
																								{
																									"key": "_verbose",
																									"value": "1"
																								},
																								{
																									"key": "node",
																									"value": "1"
																								},
																								{
																									"key": "client",
																									"value": "127.0.0.1:50176"
																								},
																								{
																									"key": "hostssl"
																								},
																								{
																									"key": "user",
																									"value": "demo"
																								},
																								{
																									"key": "intExec",
																									"value": "get-table-statistics"
																								},
																								{
																									"key": "txn",
																									"value": "9fc7eac4"
																								}
																							]
																						}
																					],
																					"startTime": "2025-12-03T15:54:10.611807Z",
																					"duration": "0.000376125s",
																					"logs": [
																						{
																							"time": "2025-12-03T15:54:10.611822Z",
																							"message": "kv/kvclient/kvcoord/range_iter.go:183 [n1,client=127.0.0.1:50176,hostssl,user=‹demo›,intExec=get-table-statistics,txn=‹9fc7eac4›] querying next range at /Table/20/1/‹104›"
																						},
																						{
																							"time": "2025-12-03T15:54:10.611841Z",
																							"message": "kv/kvclient/kvcoord/range_iter.go:220 [n1,client=127.0.0.1:50176,hostssl,user=‹demo›,intExec=get-table-statistics,txn=‹9fc7eac4›] key: /Table/20/1/‹104›, desc: r23:‹/Table/2{0-1}› [(n1,s1):1, next=2, gen=0]"
																						},
																						{
																							"time": "2025-12-03T15:54:10.611851Z",
																							"message": "kv/kvclient/kvcoord/dist_sender.go:2661 [n1,client=127.0.0.1:50176,hostssl,user=‹demo›,intExec=get-table-statistics,txn=‹9fc7eac4›] r23: sending batch ‹1 Scan› to (n1,s1):1"
																						},
																						{
																							"time": "2025-12-03T15:54:10.611858Z",
																							"message": "rpc/nodedialer/nodedialer.go:141 [n1,client=127.0.0.1:50176,hostssl,user=‹demo›,intExec=get-table-statistics,txn=‹9fc7eac4›] ‹sending request to local client›"
																						},
																						{
																							"time": "2025-12-03T15:54:10.611864Z",
																							"message": "kv/kvclient/kvcoord/transport.go:208 [n1,client=127.0.0.1:50176,hostssl,user=‹demo›,intExec=get-table-statistics,txn=‹9fc7eac4›] ‹sending batch request›"
																						},
																						{
																							"time": "2025-12-03T15:54:10.612182Z",
																							"message": "kv/kvclient/kvcoord/transport.go:210 [n1,client=127.0.0.1:50176,hostssl,user=‹demo›,intExec=get-table-statistics,txn=‹9fc7eac4›] ‹received batch response›"
																						}
																					],
																					"structuredRecords": [
																					],
																					"childrenMetadata": {
																						"/cockroach.roachpb.Internal/Batch": {
																							"duration": "0.000243625s",
																							"count": "1"
																						}
																					},
																					"children": [
																						{
																							"operation": "/cockroach.roachpb.Internal/Batch",
																							"tagGroups": [
																								{
																									"tags": [
																										{
																											"key": "_verbose",
																											"value": "1"
																										},
																										{
																											"key": "node",
																											"value": "1"
																										},
																										{
																											"key": "span.kind",
																											"value": "server"
																										},
																										{
																											"key": "request",
																											"value": "Scan [/Table/20/1/104,/Table/20/1/105), [txn: 9fc7eac4], [can-forward-ts], [max_span_request_keys: 0], [target_bytes: 10485760]"
																										}
																									]
																								}
																							],
																							"startTime": "2025-12-03T15:54:10.611871Z",
																							"duration": "0.000243625s",
																							"logs": [
																								{
																									"time": "2025-12-03T15:54:10.611875Z",
																									"message": "server/node.go:1612 [n1] node received request: ‹1 Scan›"
																								},
																								{
																									"time": "2025-12-03T15:54:10.611907Z",
																									"message": "kv/kvserver/store_send.go:149 [n1,s1] executing Scan [/Table/20/1/‹104›,/Table/20/1/‹105›), [txn: 9fc7eac4], [can-forward-ts], [max_span_request_keys: 0], [target_bytes: 10485760]"
																								},
																								{
																									"time": "2025-12-03T15:54:10.611916Z",
																									"message": "kv/kvserver/replica_send.go:171 [n1,s1,r23/1:/Table/2{0-1}] read-only path"
																								},
																								{
																									"time": "2025-12-03T15:54:10.611922Z",
																									"message": "kv/kvserver/concurrency/concurrency_manager.go:259 [n1,s1,r23/1:/Table/2{0-1}] sequencing request"
																								},
																								{
																									"time": "2025-12-03T15:54:10.611930Z",
																									"message": "kv/kvserver/concurrency/concurrency_manager.go:340 [n1,s1,r23/1:/Table/2{0-1}] acquiring latches"
																								},
																								{
																									"time": "2025-12-03T15:54:10.611935Z",
																									"message": "kv/kvserver/concurrency/concurrency_manager.go:384 [n1,s1,r23/1:/Table/2{0-1}] scanning lock table for conflicting locks"
																								},
																								{
																									"time": "2025-12-03T15:54:10.611961Z",
																									"message": "kv/kvserver/replica_read.go:308 [n1,s1,r23/1:/Table/2{0-1}] can drop latches early for batch (Scan [/Table/20/1/‹104›,/Table/20/1/‹105›), [txn: 9fc7eac4], [can-forward-ts], [max_span_request_keys: 0], [target_bytes: 10485760]); scanning lock table first to detect conflicts"
																								},
																								{
																									"time": "2025-12-03T15:54:10.611981Z",
																									"message": "storage/engine.go:2095 [n1,s1,r23/1:/Table/2{0-1}] lock table scan stats: ‹seeked 1 times (1 internal); stepped 0 times (0 internal)›"
																								},
																								{
																									"time": "2025-12-03T15:54:10.611986Z",
																									"message": "kv/kvserver/replica_read.go:120 [n1,s1,r23/1:/Table/2{0-1}] lock table scan complete without conflicts; dropping latches early"
																								},
																								{
																									"time": "2025-12-03T15:54:10.612003Z",
																									"message": "kv/kvserver/replica_read.go:421 [n1,s1,r23/1:/Table/2{0-1}] executing read-only batch"
																								},
																								{
																									"time": "2025-12-03T15:54:10.612083Z",
																									"message": "kv/kvserver/replica_evaluate.go:563 [n1,s1,r23/1:/Table/2{0-1}] evaluated Scan command ‹header:\u003ckvnemesis_seq:\u003c\u003e key:\"\\234\\211\\360\" end_key:\"\\234\\211\\361\" \u003e scan_format:BATCH_RESPONSE ›, txn=\"sql txn\" meta={id=9fc7eac4 key=/Min iso=Serializable pri=0.02689525 epo=0 ts=1764777250.610711000,0 min=1764777250.610711000,0 seq=0} lock=false stat=PENDING rts=1764777250.610711000,0 wto=false gul=1764777251.110711000,0 obs={n1@1764777250.610711000,0} : resp=‹header:\u003c\u003e col_batches:\u003c\u003e ›, err=\u003cnil\u003e"
																								},
																								{
																									"time": "2025-12-03T15:54:10.612099Z",
																									"message": "n1 scan stats: stepped 0 times (0 internal); seeked 1 times (1 internal); block-bytes: (total 0 B, cached 0 B, duration 0s); points: (count 0, key-bytes 0 B, value-bytes 0 B, tombstoned: 0) ranges: (count 0), (contained-points 0, skipped-points 0) evaluated requests: 0 gets, 1 scans, 0 reverse scans"
																								},
																								{
																									"time": "2025-12-03T15:54:10.612106Z",
																									"message": "kv/kvserver/replica_read.go:233 [n1,s1,r23/1:/Table/2{0-1}] read completed"
																								},
																								{
																									"time": "2025-12-03T15:54:10.612114Z",
																									"message": "server/node.go:1706 [n1] node sending response"
																								}
																							],
																							"structuredRecords": [
																								{
																									"time": "2025-12-03T15:54:10.612085Z",
																									"payload": {
																										"@type": "type.googleapis.com/cockroach.roachpb.ScanStats",
																										"numInterfaceSeeks": "1",
																										"numInternalSeeks": "1",
																										"numScans": "1",
																										"nodeId": 1,
																										"region": "us-east1"
																									}
																								}
																							]
																						}
																					]
																				}
																			]
																		}
																	]
																}
															]
														}
													]
												}
											]
										}
									]
								},
								{
									"operation": "commit sql txn",
									"tagGroups": [
										{
											"tags": [
												{
													"key": "_verbose",
													"value": "1"
												},
												{
													"key": "node",
													"value": "1"
												},
												{
													"key": "client",
													"value": "127.0.0.1:50176"
												},
												{
													"key": "hostssl"
												},
												{
													"key": "user",
													"value": "demo"
												},
												{
													"key": "intExec",
													"value": "get-table-statistics"
												}
											]
										}
									],
									"startTime": "2025-12-03T15:54:10.612469Z",
									"duration": "0.000003458s",
									"structuredRecords": [
									]
								}
							]
						}
					]
				}
			]
		}
	]
}