{
	"_comment": "This is a trace for SQL statement: SELECT\n  *\nFROM\n  users\nWHERE\n  last_name = 'Doe' AND created_at \u003e= '2025-01-01'\nORDER BY\n  created_at DESC\nLIMIT\n  25\nThis trace can be imported into Jaeger for visualization. From the Jaeger Search screen, select the JSON File.\nJaeger can be started using docker with: docker run -d --name jaeger -p 16686:16686 jaegertracing/all-in-one:1.17\nThe UI can then be accessed at http://localhost:16686/search",
	"data": [
		{
			"traceID": "3680330039841058867",
			"spans": [
				{
					"traceID": "3680330039841058867",
					"spanID": "1934371115417530107",
					"operationName": "traced statement",
					"references": null,
					"startTime": 1764779945477404,
					"duration": 5474,
					"tags": [
						{
							"key": "goroutine",
							"type": "int64",
							"value": 2875
						},
						{
							"key": "_unfinished",
							"type": "STRING",
							"value": "1"
						},
						{
							"key": "_verbose",
							"type": "STRING",
							"value": "1"
						},
						{
							"key": "node",
							"type": "STRING",
							"value": "1"
						},
						{
							"key": "client",
							"type": "STRING",
							"value": "127.0.0.1:51230"
						},
						{
							"key": "hostssl",
							"type": "STRING",
							"value": ""
						},
						{
							"key": "user",
							"type": "STRING",
							"value": "demo"
						},
						{
							"key": "statement",
							"type": "STRING",
							"value": "SELECT\n  *\nFROM\n  users\nWHERE\n  last_name = 'Doe' AND created_at \u003e= '2025-01-01'\nORDER BY\n  created_at DESC\nLIMIT\n  25"
						}
					],
					"logs": [
						{
							"timestamp": 1764779945480167,
							"fields": [
								{
									"key": "event",
									"type": "STRING",
									"value": "sql/conn_executor_exec.go:1087 [n1,client=127.0.0.1:51230,hostssl,user=‹demo›] planning ends"
								}
							]
						},
						{
							"timestamp": 1764779945480176,
							"fields": [
								{
									"key": "event",
									"type": "STRING",
									"value": "sql/conn_executor_exec.go:1087 [n1,client=127.0.0.1:51230,hostssl,user=‹demo›] checking distributability"
								}
							]
						},
						{
							"timestamp": 1764779945480292,
							"fields": [
								{
									"key": "event",
									"type": "STRING",
									"value": "sql/distsql_physical_planner.go:762 [n1,client=127.0.0.1:51230,hostssl,user=‹demo›] top k (no stats) recommends plan distribution"
								}
							]
						},
						{
							"timestamp": 1764779945480316,
							"fields": [
								{
									"key": "event",
									"type": "STRING",
									"value": "sql/conn_executor_exec.go:1087 [n1,client=127.0.0.1:51230,hostssl,user=‹demo›] will distribute plan: true"
								}
							]
						},
						{
							"timestamp": 1764779945480326,
							"fields": [
								{
									"key": "event",
									"type": "STRING",
									"value": "sql/conn_executor_exec.go:1087 [n1,client=127.0.0.1:51230,hostssl,user=‹demo›] executing after 0 retries, last retry reason: \u003cnil\u003e"
								}
							]
						},
						{
							"timestamp": 1764779945480334,
							"fields": [
								{
									"key": "event",
									"type": "STRING",
									"value": "sql/conn_executor_exec.go:1087 [n1,client=127.0.0.1:51230,hostssl,user=‹demo›] execution starts: distributed engine"
								}
							]
						},
						{
							"timestamp": 1764779945480360,
							"fields": [
								{
									"key": "event",
									"type": "STRING",
									"value": "sql/distsql_running.go:2083 [n1,client=127.0.0.1:51230,hostssl,user=‹demo›] creating DistSQL plan with isLocal=false"
								}
							]
						},
						{
							"timestamp": 1764779945480400,
							"fields": [
								{
									"key": "event",
									"type": "STRING",
									"value": "sql/distsql_physical_planner.go:1777 [n1,client=127.0.0.1:51230,hostssl,user=‹demo›] all SQL instances available for distributed planning: [Instance{RegionPrefix: gA==, InstanceID: 1, SQLAddr: ‹127.0.0.1:26257›, RPCAddr: ‹127.0.0.1:26357›, SessionID: 0101803a0d5a79d91e4617a3cf2b43228815be, Locality: ‹region=us-east1,az=b›, BinaryVersion: 25.2}]"
								}
							]
						},
						{
							"timestamp": 1764779945480450,
							"fields": [
								{
									"key": "event",
									"type": "STRING",
									"value": "kv/kvclient/kvcoord/range_iter.go:183 [n1,client=127.0.0.1:51230,hostssl,user=‹demo›] querying next range at /Table/104/3/‹\"Doe\"›"
								}
							]
						},
						{
							"timestamp": 1764779945480489,
							"fields": [
								{
									"key": "event",
									"type": "STRING",
									"value": "kv/kvclient/kvcoord/range_iter.go:220 [n1,client=127.0.0.1:51230,hostssl,user=‹demo›] key: /Table/104/3/‹\"Doe\"›, desc: r75:‹/{Table/104-Max}› [(n1,s1):1, next=2, gen=1]"
								}
							]
						},
						{
							"timestamp": 1764779945480533,
							"fields": [
								{
									"key": "event",
									"type": "STRING",
									"value": "sql/distsql_physical_planner.go:1602 [n1,client=127.0.0.1:51230,hostssl,user=‹demo›] partition span: ‹/Table/104/3/\"Doe\"{-/PrefixEnd}›, instance ID: 1, reason: ‹target-healthy›"
								}
							]
						},
						{
							"timestamp": 1764779945480574,
							"fields": [
								{
									"key": "event",
									"type": "STRING",
									"value": "sql/distsql_running.go:760 [n1,client=127.0.0.1:51230,hostssl,user=‹demo›] noMutations = true"
								}
							]
						},
						{
							"timestamp": 1764779945480586,
							"fields": [
								{
									"key": "event",
									"type": "STRING",
									"value": "sql/distsql_running.go:806 [n1,client=127.0.0.1:51230,hostssl,user=‹demo›] containsLocking = false"
								}
							]
						},
						{
							"timestamp": 1764779945480594,
							"fields": [
								{
									"key": "event",
									"type": "STRING",
									"value": "sql/distsql_running.go:895 [n1,client=127.0.0.1:51230,hostssl,user=‹demo›] ‹running DistSQL plan›"
								}
							]
						},
						{
							"timestamp": 1764779945482760,
							"fields": [
								{
									"key": "event",
									"type": "STRING",
									"value": "sql/conn_executor_exec.go:1087 [n1,client=127.0.0.1:51230,hostssl,user=‹demo›] execution ends"
								}
							]
						},
						{
							"timestamp": 1764779945482770,
							"fields": [
								{
									"key": "event",
									"type": "STRING",
									"value": "sql/conn_executor_exec.go:1087 [n1,client=127.0.0.1:51230,hostssl,user=‹demo›] rows affected: 0"
								}
							]
						},
						{
							"timestamp": 1764779945482876,
							"fields": [
								{
									"key": "event",
									"type": "STRING",
									"value": "sql/conn_executor_exec.go:4215 [n1,client=127.0.0.1:51230,hostssl,user=‹demo›] AutoCommit. err: \u003cnil\u003e"
								}
							]
						}
					],
					"processID": "node 1",
					"warnings": null
				},
				{
					"traceID": "3680330039841058867",
					"spanID": "6718902906088428025",
					"operationName": "optimizer",
					"references": [
						{
							"refType": "CHILD_OF",
							"traceID": "3680330039841058867",
							"spanID": "1934371115417530107"
						}
					],
					"startTime": 1764779945477421,
					"duration": 2441,
					"tags": [
						{
							"key": "goroutine",
							"type": "int64",
							"value": 2875
						},
						{
							"key": "_verbose",
							"type": "STRING",
							"value": "1"
						},
						{
							"key": "node",
							"type": "STRING",
							"value": "1"
						},
						{
							"key": "client",
							"type": "STRING",
							"value": "127.0.0.1:51230"
						},
						{
							"key": "hostssl",
							"type": "STRING",
							"value": ""
						},
						{
							"key": "user",
							"type": "STRING",
							"value": "demo"
						}
					],
					"logs": [
						{
							"timestamp": 1764779945477517,
							"fields": [
								{
									"key": "event",
									"type": "STRING",
									"value": "sql/plan_opt.go:431 [n1,client=127.0.0.1:51230,hostssl,user=‹demo›] ‹query cache miss›"
								}
							]
						},
						{
							"timestamp": 1764779945478656,
							"fields": [
								{
									"key": "event",
									"type": "STRING",
									"value": "sql/opt/optbuilder/builder.go:239 [n1,client=127.0.0.1:51230,hostssl,user=‹demo›] optbuilder start"
								}
							]
						},
						{
							"timestamp": 1764779945478695,
							"fields": [
								{
									"key": "event",
									"type": "STRING",
									"value": "sql/catalog/lease/descriptor_version_state.go:128 [n1,client=127.0.0.1:51230,hostssl,user=‹demo›] descriptorVersionState.incRefCount: 100(‹\"defaultdb\"›,0101803a0d5a79d91e4617a3cf2b43228815be) ver=1:0,0, refcount=1"
								}
							]
						},
						{
							"timestamp": 1764779945479124,
							"fields": [
								{
									"key": "event",
									"type": "STRING",
									"value": "sql/catalog/descs/descriptor.go:132 [n1,client=127.0.0.1:51230,hostssl,user=‹demo›] looking up descriptors for ids [100]"
								}
							]
						},
						{
							"timestamp": 1764779945479144,
							"fields": [
								{
									"key": "event",
									"type": "STRING",
									"value": "sql/catalog/descs/descriptor.go:132 [n1,client=127.0.0.1:51230,hostssl,user=‹demo›] looking up descriptors for ids [100]"
								}
							]
						},
						{
							"timestamp": 1764779945479152,
							"fields": [
								{
									"key": "event",
									"type": "STRING",
									"value": "sql/catalog/descs/descriptor.go:132 [n1,client=127.0.0.1:51230,hostssl,user=‹demo›] looking up descriptors for ids [100]"
								}
							]
						},
						{
							"timestamp": 1764779945479159,
							"fields": [
								{
									"key": "event",
									"type": "STRING",
									"value": "sql/catalog/descs/descriptor.go:132 [n1,client=127.0.0.1:51230,hostssl,user=‹demo›] looking up descriptors for ids [100]"
								}
							]
						},
						{
							"timestamp": 1764779945479165,
							"fields": [
								{
									"key": "event",
									"type": "STRING",
									"value": "sql/catalog/descs/descriptor.go:132 [n1,client=127.0.0.1:51230,hostssl,user=‹demo›] looking up descriptors for ids [101]"
								}
							]
						},
						{
							"timestamp": 1764779945479177,
							"fields": [
								{
									"key": "event",
									"type": "STRING",
									"value": "sql/catalog/lease/descriptor_version_state.go:128 [n1,client=127.0.0.1:51230,hostssl,user=‹demo›] descriptorVersionState.incRefCount: 101(‹\"public\"›,0101803a0d5a79d91e4617a3cf2b43228815be) ver=1:0,0, refcount=1"
								}
							]
						},
						{
							"timestamp": 1764779945479189,
							"fields": [
								{
									"key": "event",
									"type": "STRING",
									"value": "sql/catalog/lease/descriptor_version_state.go:128 [n1,client=127.0.0.1:51230,hostssl,user=‹demo›] descriptorVersionState.incRefCount: 104(‹\"users\"›,0101803a0d5a79d91e4617a3cf2b43228815be) ver=1:0,0, refcount=1"
								}
							]
						},
						{
							"timestamp": 1764779945479197,
							"fields": [
								{
									"key": "event",
									"type": "STRING",
									"value": "sql/catalog/descs/descriptor.go:132 [n1,client=127.0.0.1:51230,hostssl,user=‹demo›] looking up descriptors for ids [104]"
								}
							]
						},
						{
							"timestamp": 1764779945479210,
							"fields": [
								{
									"key": "event",
									"type": "STRING",
									"value": "sql/catalog/descs/descriptor.go:132 [n1,client=127.0.0.1:51230,hostssl,user=‹demo›] looking up descriptors for ids [23]"
								}
							]
						},
						{
							"timestamp": 1764779945479222,
							"fields": [
								{
									"key": "event",
									"type": "STRING",
									"value": "sql/catalog/lease/descriptor_version_state.go:128 [n1,client=127.0.0.1:51230,hostssl,user=‹demo›] descriptorVersionState.incRefCount: 23(‹\"role_members\"›,0101803a0d5a79d91e4617a3cf2b43228815be) ver=3:0,0, refcount=1"
								}
							]
						},
						{
							"timestamp": 1764779945479434,
							"fields": [
								{
									"key": "event",
									"type": "STRING",
									"value": "sql/opt/optbuilder/builder.go:285 [n1,client=127.0.0.1:51230,hostssl,user=‹demo›] optbuilder finish"
								}
							]
						},
						{
							"timestamp": 1764779945479707,
							"fields": [
								{
									"key": "event",
									"type": "STRING",
									"value": "sql/opt/xform/optimizer.go:237 [n1,client=127.0.0.1:51230,hostssl,user=‹demo›] optimize start"
								}
							]
						},
						{
							"timestamp": 1764779945479819,
							"fields": [
								{
									"key": "event",
									"type": "STRING",
									"value": "sql/opt/xform/optimizer.go:286 [n1,client=127.0.0.1:51230,hostssl,user=‹demo›] optimize finish"
								}
							]
						}
					],
					"processID": "node 1",
					"warnings": null
				},
				{
					"traceID": "3680330039841058867",
					"spanID": "1907246243334742756",
					"operationName": "flow",
					"references": [
						{
							"refType": "CHILD_OF",
							"traceID": "3680330039841058867",
							"spanID": "1934371115417530107"
						}
					],
					"startTime": 1764779945480599,
					"duration": 2125,
					"tags": [
						{
							"key": "goroutine",
							"type": "int64",
							"value": 2875
						},
						{
							"key": "_verbose",
							"type": "STRING",
							"value": "1"
						},
						{
							"key": "node",
							"type": "STRING",
							"value": "1"
						},
						{
							"key": "client",
							"type": "STRING",
							"value": "127.0.0.1:51230"
						},
						{
							"key": "hostssl",
							"type": "STRING",
							"value": ""
						},
						{
							"key": "user",
							"type": "STRING",
							"value": "demo"
						}
					],
					"logs": [
						{
							"timestamp": 1764779945480905,
							"fields": [
								{
									"key": "event",
									"type": "STRING",
									"value": "sql/colflow/vectorized_flow.go:227 [n1,client=127.0.0.1:51230,hostssl,user=‹demo›] ‹setting up vectorized flow›"
								}
							]
						},
						{
							"timestamp": 1764779945480986,
							"fields": [
								{
									"key": "event",
									"type": "STRING",
									"value": "sql/colflow/vectorized_flow.go:268 [n1,client=127.0.0.1:51230,hostssl,user=‹demo›] vectorized flow setup succeeded"
								}
							]
						},
						{
							"timestamp": 1764779945481107,
							"fields": [
								{
									"key": "event",
									"type": "STRING",
									"value": "sql/flowinfra/flow.go:460 [n1,client=127.0.0.1:51230,hostssl,user=‹demo›] starting (0 processors, 0 startables) asynchronously"
								}
							]
						},
						{
							"timestamp": 1764779945481134,
							"fields": [
								{
									"key": "event",
									"type": "STRING",
									"value": "sql/colflow/vectorized_flow.go:315 [n1,client=127.0.0.1:51230,hostssl,user=‹demo›] ‹running the batch flow coordinator in the flow's goroutine›"
								}
							]
						},
						{
							"timestamp": 1764779945482723,
							"fields": [
								{
									"key": "event",
									"type": "STRING",
									"value": "ComponentStats{ID: {20367585-a040-4f73-a9f0-d8caea458a34 FLOW 0 1 ‹us-east1›}}"
								}
							]
						}
					],
					"processID": "node 1",
					"warnings": null
				},
				{
					"traceID": "3680330039841058867",
					"spanID": "1624472506156856692",
					"operationName": "batch flow coordinator",
					"references": [
						{
							"refType": "CHILD_OF",
							"traceID": "3680330039841058867",
							"spanID": "1907246243334742756"
						}
					],
					"startTime": 1764779945481134,
					"duration": 1558,
					"tags": [
						{
							"key": "goroutine",
							"type": "int64",
							"value": 2875
						},
						{
							"key": "_verbose",
							"type": "STRING",
							"value": "1"
						},
						{
							"key": "node",
							"type": "STRING",
							"value": "1"
						},
						{
							"key": "client",
							"type": "STRING",
							"value": "127.0.0.1:51230"
						},
						{
							"key": "hostssl",
							"type": "STRING",
							"value": ""
						},
						{
							"key": "user",
							"type": "STRING",
							"value": "demo"
						},
						{
							"key": "cockroach.flowid",
							"type": "STRING",
							"value": "20367585-a040-4f73-a9f0-d8caea458a34"
						},
						{
							"key": "cockroach.processorid",
							"type": "STRING",
							"value": "3"
						}
					],
					"logs": [
						{
							"timestamp": 1764779945482639,
							"fields": [
								{
									"key": "event",
									"type": "STRING",
									"value": "ComponentStats{ID: {20367585-a040-4f73-a9f0-d8caea458a34 PROCESSOR 0 1 }, KV nodes: n1, KV regions: ‹us-east1›, KV time: 1ms, KV rows decoded: 0, KV bytes read: ‹0 B›, KV gRPC calls: 1, KV pairs read: 0, MVCC step count (ext/int): ‹0/0›, MVCC seek count (ext/int): ‹1/1›, max memory allocated: ‹20 KiB›, sql cpu time: 10µs, batches output: 0, rows output: 0}"
								}
							]
						},
						{
							"timestamp": 1764779945482654,
							"fields": [
								{
									"key": "event",
									"type": "STRING",
									"value": "ComponentStats{ID: {20367585-a040-4f73-a9f0-d8caea458a34 PROCESSOR 1 1 }, KV time: 7µs, KV rows decoded: 0, KV bytes read: ‹0 B›, KV gRPC calls: 0, KV pairs read: 0, MVCC step count (ext/int): ‹0/0›, MVCC seek count (ext/int): ‹0/0›, used streamer, max memory allocated: ‹0 B›, max sql temp disk usage: ‹0 B›, sql cpu time: 7µs, batches output: 0, rows output: 0}"
								}
							]
						},
						{
							"timestamp": 1764779945482675,
							"fields": [
								{
									"key": "event",
									"type": "STRING",
									"value": "ComponentStats{ID: {20367585-a040-4f73-a9f0-d8caea458a34 PROCESSOR 2 1 }, execution time: 1µs, sql cpu time: 1µs, batches output: 0, rows output: 0}"
								}
							]
						},
						{
							"timestamp": 1764779945482682,
							"fields": [
								{
									"key": "event",
									"type": "STRING",
									"value": "ComponentStats{ID: {20367585-a040-4f73-a9f0-d8caea458a34 PROCESSOR 3 1 }, execution time: 9µs, max memory allocated: ‹0 B›, sql cpu time: 9µs, batches output: 0, rows output: 0}"
								}
							]
						}
					],
					"processID": "node 1",
					"warnings": null
				},
				{
					"traceID": "3680330039841058867",
					"spanID": "2123339719694690136",
					"operationName": "colindexjoin",
					"references": [
						{
							"refType": "CHILD_OF",
							"traceID": "3680330039841058867",
							"spanID": "1624472506156856692"
						}
					],
					"startTime": 1764779945481138,
					"duration": 1557,
					"tags": [
						{
							"key": "goroutine",
							"type": "int64",
							"value": 2875
						},
						{
							"key": "_unfinished",
							"type": "STRING",
							"value": "1"
						},
						{
							"key": "_verbose",
							"type": "STRING",
							"value": "1"
						},
						{
							"key": "node",
							"type": "STRING",
							"value": "1"
						},
						{
							"key": "client",
							"type": "STRING",
							"value": "127.0.0.1:51230"
						},
						{
							"key": "hostssl",
							"type": "STRING",
							"value": ""
						},
						{
							"key": "user",
							"type": "STRING",
							"value": "demo"
						},
						{
							"key": "cockroach.flowid",
							"type": "STRING",
							"value": "20367585-a040-4f73-a9f0-d8caea458a34"
						},
						{
							"key": "cockroach.processorid",
							"type": "STRING",
							"value": "1"
						}
					],
					"logs": null,
					"processID": "node 1",
					"warnings": null
				},
				{
					"traceID": "3680330039841058867",
					"spanID": "435995576690518788",
					"operationName": "colbatchscan",
					"references": [
						{
							"refType": "CHILD_OF",
							"traceID": "3680330039841058867",
							"spanID": "2123339719694690136"
						}
					],
					"startTime": 1764779945481141,
					"duration": 1556,
					"tags": [
						{
							"key": "goroutine",
							"type": "int64",
							"value": 2875
						},
						{
							"key": "_unfinished",
							"type": "STRING",
							"value": "1"
						},
						{
							"key": "_verbose",
							"type": "STRING",
							"value": "1"
						},
						{
							"key": "node",
							"type": "STRING",
							"value": "1"
						},
						{
							"key": "client",
							"type": "STRING",
							"value": "127.0.0.1:51230"
						},
						{
							"key": "hostssl",
							"type": "STRING",
							"value": ""
						},
						{
							"key": "user",
							"type": "STRING",
							"value": "demo"
						},
						{
							"key": "cockroach.flowid",
							"type": "STRING",
							"value": "20367585-a040-4f73-a9f0-d8caea458a34"
						},
						{
							"key": "cockroach.processorid",
							"type": "STRING",
							"value": "0"
						}
					],
					"logs": [
						{
							"timestamp": 1764779945481475,
							"fields": [
								{
									"key": "event",
									"type": "STRING",
									"value": "sql/row/kv_batch_fetcher.go:598 [n1,client=127.0.0.1:51230,hostssl,user=‹demo›] Scan ‹/Table/104/3/\"Doe\"{-/PrefixEnd}›"
								}
							]
						},
						{
							"timestamp": 1764779945481484,
							"fields": [
								{
									"key": "event",
									"type": "STRING",
									"value": "sql/row/kv_batch_fetcher.go:284 [n1,client=127.0.0.1:51230,hostssl,user=‹demo›] kv fetcher: sending a batch with 1 requests"
								}
							]
						}
					],
					"processID": "node 1",
					"warnings": null
				},
				{
					"traceID": "3680330039841058867",
					"spanID": "1757646769612411039",
					"operationName": "txn coordinator send",
					"references": [
						{
							"refType": "CHILD_OF",
							"traceID": "3680330039841058867",
							"spanID": "435995576690518788"
						}
					],
					"startTime": 1764779945481487,
					"duration": 1096,
					"tags": [
						{
							"key": "goroutine",
							"type": "int64",
							"value": 2875
						},
						{
							"key": "_verbose",
							"type": "STRING",
							"value": "1"
						},
						{
							"key": "node",
							"type": "STRING",
							"value": "1"
						},
						{
							"key": "client",
							"type": "STRING",
							"value": "127.0.0.1:51230"
						},
						{
							"key": "hostssl",
							"type": "STRING",
							"value": ""
						},
						{
							"key": "user",
							"type": "STRING",
							"value": "demo"
						},
						{
							"key": "txnID",
							"type": "STRING",
							"value": "9dc9bfbe-6f26-4306-93d5-0089217242fe"
						}
					],
					"logs": [
						{
							"timestamp": 1764779945482581,
							"fields": [
								{
									"key": "event",
									"type": "STRING",
									"value": "kv/kvclient/kvcoord/txn_interceptor_span_refresher.go:656 [n1,client=127.0.0.1:51230,hostssl,user=‹demo›,txn=‹9dc9bfbe›] recording span to refresh: ‹/Table/104/3/\"Doe\"{-/PrefixEnd}›"
								}
							]
						}
					],
					"processID": "node 1",
					"warnings": null
				},
				{
					"traceID": "3680330039841058867",
					"spanID": "6805097516423648514",
					"operationName": "dist sender send",
					"references": [
						{
							"refType": "CHILD_OF",
							"traceID": "3680330039841058867",
							"spanID": "1757646769612411039"
						}
					],
					"startTime": 1764779945481495,
					"duration": 760,
					"tags": [
						{
							"key": "goroutine",
							"type": "int64",
							"value": 2875
						},
						{
							"key": "_verbose",
							"type": "STRING",
							"value": "1"
						},
						{
							"key": "node",
							"type": "STRING",
							"value": "1"
						},
						{
							"key": "client",
							"type": "STRING",
							"value": "127.0.0.1:51230"
						},
						{
							"key": "hostssl",
							"type": "STRING",
							"value": ""
						},
						{
							"key": "user",
							"type": "STRING",
							"value": "demo"
						},
						{
							"key": "txn",
							"type": "STRING",
							"value": "9dc9bfbe"
						}
					],
					"logs": [
						{
							"timestamp": 1764779945481517,
							"fields": [
								{
									"key": "event",
									"type": "STRING",
									"value": "kv/kvclient/kvcoord/range_iter.go:183 [n1,client=127.0.0.1:51230,hostssl,user=‹demo›,txn=‹9dc9bfbe›] querying next range at /Table/104/3/‹\"Doe\"›"
								}
							]
						},
						{
							"timestamp": 1764779945481545,
							"fields": [
								{
									"key": "event",
									"type": "STRING",
									"value": "kv/kvclient/kvcoord/range_iter.go:220 [n1,client=127.0.0.1:51230,hostssl,user=‹demo›,txn=‹9dc9bfbe›] key: /Table/104/3/‹\"Doe\"›, desc: r75:‹/{Table/104-Max}› [(n1,s1):1, next=2, gen=1]"
								}
							]
						},
						{
							"timestamp": 1764779945481591,
							"fields": [
								{
									"key": "event",
									"type": "STRING",
									"value": "kv/kvclient/kvcoord/dist_sender.go:2661 [n1,client=127.0.0.1:51230,hostssl,user=‹demo›,txn=‹9dc9bfbe›] r75: sending batch ‹1 Scan› to (n1,s1):1"
								}
							]
						},
						{
							"timestamp": 1764779945481623,
							"fields": [
								{
									"key": "event",
									"type": "STRING",
									"value": "rpc/nodedialer/nodedialer.go:141 [n1,client=127.0.0.1:51230,hostssl,user=‹demo›,txn=‹9dc9bfbe›] ‹sending request to local client›"
								}
							]
						},
						{
							"timestamp": 1764779945481643,
							"fields": [
								{
									"key": "event",
									"type": "STRING",
									"value": "kv/kvclient/kvcoord/transport.go:208 [n1,client=127.0.0.1:51230,hostssl,user=‹demo›,txn=‹9dc9bfbe›] ‹sending batch request›"
								}
							]
						},
						{
							"timestamp": 1764779945482253,
							"fields": [
								{
									"key": "event",
									"type": "STRING",
									"value": "kv/kvclient/kvcoord/transport.go:210 [n1,client=127.0.0.1:51230,hostssl,user=‹demo›,txn=‹9dc9bfbe›] ‹received batch response›"
								}
							]
						}
					],
					"processID": "node 1",
					"warnings": null
				},
				{
					"traceID": "3680330039841058867",
					"spanID": "8047446883191485348",
					"operationName": "/cockroach.roachpb.Internal/Batch",
					"references": [
						{
							"refType": "CHILD_OF",
							"traceID": "3680330039841058867",
							"spanID": "6805097516423648514"
						}
					],
					"startTime": 1764779945481655,
					"duration": 540,
					"tags": [
						{
							"key": "goroutine",
							"type": "int64",
							"value": 2875
						},
						{
							"key": "_verbose",
							"type": "STRING",
							"value": "1"
						},
						{
							"key": "node",
							"type": "STRING",
							"value": "1"
						},
						{
							"key": "span.kind",
							"type": "STRING",
							"value": "server"
						},
						{
							"key": "request",
							"type": "STRING",
							"value": "Scan [/Table/104/3/\"Doe\",/Table/104/3/\"Doe\"/PrefixEnd), [txn: 9dc9bfbe], [max_span_request_keys: 0], [target_bytes: 10485760]"
						}
					],
					"logs": [
						{
							"timestamp": 1764779945481666,
							"fields": [
								{
									"key": "event",
									"type": "STRING",
									"value": "server/node.go:1612 [n1] node received request: ‹1 Scan›"
								}
							]
						},
						{
							"timestamp": 1764779945481746,
							"fields": [
								{
									"key": "event",
									"type": "STRING",
									"value": "kv/kvserver/store_send.go:149 [n1,s1] executing Scan [/Table/104/3/‹\"Doe\"›,/Table/104/3/‹\"Doe\"›/‹PrefixEnd›), [txn: 9dc9bfbe], [max_span_request_keys: 0], [target_bytes: 10485760]"
								}
							]
						},
						{
							"timestamp": 1764779945481759,
							"fields": [
								{
									"key": "event",
									"type": "STRING",
									"value": "kv/kvserver/replica_send.go:171 [n1,s1,r75/1:/{Table/104-Max}] read-only path"
								}
							]
						},
						{
							"timestamp": 1764779945481802,
							"fields": [
								{
									"key": "event",
									"type": "STRING",
									"value": "kv/kvserver/concurrency/concurrency_manager.go:259 [n1,s1,r75/1:/{Table/104-Max}] sequencing request"
								}
							]
						},
						{
							"timestamp": 1764779945481812,
							"fields": [
								{
									"key": "event",
									"type": "STRING",
									"value": "kv/kvserver/concurrency/concurrency_manager.go:340 [n1,s1,r75/1:/{Table/104-Max}] acquiring latches"
								}
							]
						},
						{
							"timestamp": 1764779945481822,
							"fields": [
								{
									"key": "event",
									"type": "STRING",
									"value": "kv/kvserver/concurrency/concurrency_manager.go:384 [n1,s1,r75/1:/{Table/104-Max}] scanning lock table for conflicting locks"
								}
							]
						},
						{
							"timestamp": 1764779945481887,
							"fields": [
								{
									"key": "event",
									"type": "STRING",
									"value": "kv/kvserver/replica_read.go:308 [n1,s1,r75/1:/{Table/104-Max}] can drop latches early for batch (Scan [/Table/104/3/‹\"Doe\"›,/Table/104/3/‹\"Doe\"›/‹PrefixEnd›), [txn: 9dc9bfbe], [max_span_request_keys: 0], [target_bytes: 10485760]); scanning lock table first to detect conflicts"
								}
							]
						},
						{
							"timestamp": 1764779945481927,
							"fields": [
								{
									"key": "event",
									"type": "STRING",
									"value": "storage/engine.go:2095 [n1,s1,r75/1:/{Table/104-Max}] lock table scan stats: ‹seeked 1 times (1 internal); stepped 0 times (0 internal)›"
								}
							]
						},
						{
							"timestamp": 1764779945481938,
							"fields": [
								{
									"key": "event",
									"type": "STRING",
									"value": "kv/kvserver/replica_read.go:120 [n1,s1,r75/1:/{Table/104-Max}] lock table scan complete without conflicts; dropping latches early"
								}
							]
						},
						{
							"timestamp": 1764779945481953,
							"fields": [
								{
									"key": "event",
									"type": "STRING",
									"value": "kv/kvserver/replica_read.go:421 [n1,s1,r75/1:/{Table/104-Max}] executing read-only batch"
								}
							]
						},
						{
							"timestamp": 1764779945482137,
							"fields": [
								{
									"key": "event",
									"type": "STRING",
									"value": "kv/kvserver/replica_evaluate.go:563 [n1,s1,r75/1:/{Table/104-Max}] evaluated Scan command ‹header:\u003ckvnemesis_seq:\u003c\u003e key:\"\\360\\213\\022Doe\\000\\001\" end_key:\"\\360\\213\\022Doe\\000\\002\" \u003e scan_format:BATCH_RESPONSE ›, txn=\"sql txn\" meta={id=9dc9bfbe key=/Min iso=Serializable pri=0.06542848 epo=0 ts=1764779945.477322000,0 min=1764779945.477322000,0 seq=0} lock=false stat=PENDING rts=1764779945.477322000,0 wto=false gul=1764779945.977322000,0 obs={n1@1764779945.477322000,0} : resp=‹header:\u003c\u003e col_batches:\u003c\u003e ›, err=\u003cnil\u003e"
								}
							]
						},
						{
							"timestamp": 1764779945482164,
							"fields": [
								{
									"key": "event",
									"type": "STRING",
									"value": "n1 scan stats: stepped 0 times (0 internal); seeked 1 times (1 internal); block-bytes: (total 0 B, cached 0 B, duration 0s); points: (count 0, key-bytes 0 B, value-bytes 0 B, tombstoned: 0) ranges: (count 0), (contained-points 0, skipped-points 0) evaluated requests: 0 gets, 1 scans, 0 reverse scans"
								}
							]
						},
						{
							"timestamp": 1764779945482177,
							"fields": [
								{
									"key": "event",
									"type": "STRING",
									"value": "kv/kvserver/replica_read.go:233 [n1,s1,r75/1:/{Table/104-Max}] read completed"
								}
							]
						},
						{
							"timestamp": 1764779945482195,
							"fields": [
								{
									"key": "event",
									"type": "STRING",
									"value": "server/node.go:1706 [n1] node sending response"
								}
							]
						}
					],
					"processID": "node 1",
					"warnings": null
				},
				{
					"traceID": "3680330039841058867",
					"spanID": "7357185176794855889",
					"operationName": "commit sql txn",
					"references": [
						{
							"refType": "CHILD_OF",
							"traceID": "3680330039841058867",
							"spanID": "1934371115417530107"
						}
					],
					"startTime": 1764779945482844,
					"duration": 5,
					"tags": [
						{
							"key": "goroutine",
							"type": "int64",
							"value": 2875
						},
						{
							"key": "_verbose",
							"type": "STRING",
							"value": "1"
						},
						{
							"key": "node",
							"type": "STRING",
							"value": "1"
						},
						{
							"key": "client",
							"type": "STRING",
							"value": "127.0.0.1:51230"
						},
						{
							"key": "hostssl",
							"type": "STRING",
							"value": ""
						},
						{
							"key": "user",
							"type": "STRING",
							"value": "demo"
						}
					],
					"logs": null,
					"processID": "node 1",
					"warnings": null
				}
			],
			"processes": {
				"node 1": {
					"serviceName": "node 1",
					"tags": null
				}
			},
			"warnings": null
		}
	]
}