{
	"operation": "traced statement",
	"tagGroups": [
		{
			"tags": [
				{
					"key": "_unfinished",
					"value": "1"
				},
				{
					"key": "_verbose",
					"value": "1"
				},
				{
					"key": "node",
					"value": "1"
				},
				{
					"key": "client",
					"value": "127.0.0.1:51230"
				},
				{
					"key": "hostssl"
				},
				{
					"key": "user",
					"value": "demo"
				}
			]
		}
	],
	"startTime": "2025-12-03T16:39:05.477404Z",
	"duration": "0.005474666s",
	"logs": [
		{
			"time": "2025-12-03T16:39:05.480167Z",
			"message": "sql/conn_executor_exec.go:1087 [n1,client=127.0.0.1:51230,hostssl,user=‹demo›] planning ends"
		},
		{
			"time": "2025-12-03T16:39:05.480176Z",
			"message": "sql/conn_executor_exec.go:1087 [n1,client=127.0.0.1:51230,hostssl,user=‹demo›] checking distributability"
		},
		{
			"time": "2025-12-03T16:39:05.480292Z",
			"message": "sql/distsql_physical_planner.go:762 [n1,client=127.0.0.1:51230,hostssl,user=‹demo›] top k (no stats) recommends plan distribution"
		},
		{
			"time": "2025-12-03T16:39:05.480316Z",
			"message": "sql/conn_executor_exec.go:1087 [n1,client=127.0.0.1:51230,hostssl,user=‹demo›] will distribute plan: true"
		},
		{
			"time": "2025-12-03T16:39:05.480326Z",
			"message": "sql/conn_executor_exec.go:1087 [n1,client=127.0.0.1:51230,hostssl,user=‹demo›] executing after 0 retries, last retry reason: \u003cnil\u003e"
		},
		{
			"time": "2025-12-03T16:39:05.480334Z",
			"message": "sql/conn_executor_exec.go:1087 [n1,client=127.0.0.1:51230,hostssl,user=‹demo›] execution starts: distributed engine"
		},
		{
			"time": "2025-12-03T16:39:05.480360Z",
			"message": "sql/distsql_running.go:2083 [n1,client=127.0.0.1:51230,hostssl,user=‹demo›] creating DistSQL plan with isLocal=false"
		},
		{
			"time": "2025-12-03T16:39:05.480400Z",
			"message": "sql/distsql_physical_planner.go:1777 [n1,client=127.0.0.1:51230,hostssl,user=‹demo›] all SQL instances available for distributed planning: [Instance{RegionPrefix: gA==, InstanceID: 1, SQLAddr: ‹127.0.0.1:26257›, RPCAddr: ‹127.0.0.1:26357›, SessionID: 0101803a0d5a79d91e4617a3cf2b43228815be, Locality: ‹region=us-east1,az=b›, BinaryVersion: 25.2}]"
		},
		{
			"time": "2025-12-03T16:39:05.480450Z",
			"message": "kv/kvclient/kvcoord/range_iter.go:183 [n1,client=127.0.0.1:51230,hostssl,user=‹demo›] querying next range at /Table/104/3/‹\"Doe\"›"
		},
		{
			"time": "2025-12-03T16:39:05.480489Z",
			"message": "kv/kvclient/kvcoord/range_iter.go:220 [n1,client=127.0.0.1:51230,hostssl,user=‹demo›] key: /Table/104/3/‹\"Doe\"›, desc: r75:‹/{Table/104-Max}› [(n1,s1):1, next=2, gen=1]"
		},
		{
			"time": "2025-12-03T16:39:05.480533Z",
			"message": "sql/distsql_physical_planner.go:1602 [n1,client=127.0.0.1:51230,hostssl,user=‹demo›] partition span: ‹/Table/104/3/\"Doe\"{-/PrefixEnd}›, instance ID: 1, reason: ‹target-healthy›"
		},
		{
			"time": "2025-12-03T16:39:05.480574Z",
			"message": "sql/distsql_running.go:760 [n1,client=127.0.0.1:51230,hostssl,user=‹demo›] noMutations = true"
		},
		{
			"time": "2025-12-03T16:39:05.480586Z",
			"message": "sql/distsql_running.go:806 [n1,client=127.0.0.1:51230,hostssl,user=‹demo›] containsLocking = false"
		},
		{
			"time": "2025-12-03T16:39:05.480594Z",
			"message": "sql/distsql_running.go:895 [n1,client=127.0.0.1:51230,hostssl,user=‹demo›] ‹running DistSQL plan›"
		},
		{
			"time": "2025-12-03T16:39:05.482760Z",
			"message": "sql/conn_executor_exec.go:1087 [n1,client=127.0.0.1:51230,hostssl,user=‹demo›] execution ends"
		},
		{
			"time": "2025-12-03T16:39:05.482770Z",
			"message": "sql/conn_executor_exec.go:1087 [n1,client=127.0.0.1:51230,hostssl,user=‹demo›] rows affected: 0"
		},
		{
			"time": "2025-12-03T16:39:05.482876Z",
			"message": "sql/conn_executor_exec.go:4215 [n1,client=127.0.0.1:51230,hostssl,user=‹demo›] AutoCommit. err: \u003cnil\u003e"
		}
	],
	"childrenMetadata": {
		"/cockroach.roachpb.Internal/Batch": {
			"duration": "0.000540s",
			"count": "1"
		},
		"batch flow coordinator": {
			"duration": "0.001558666s",
			"count": "1"
		},
		"colbatchscan": {
			"duration": "0.001556s",
			"count": "1",
			"containsUnfinished": true
		},
		"colindexjoin": {
			"duration": "0.001557084s",
			"count": "1",
			"containsUnfinished": true
		},
		"commit sql txn": {
			"duration": "0.000005625s",
			"count": "1"
		},
		"dist sender send": {
			"duration": "0.000760166s",
			"count": "1"
		},
		"flow": {
			"duration": "0.002125375s",
			"count": "1"
		},
		"optimizer": {
			"duration": "0.002441667s",
			"count": "1"
		},
		"txn coordinator send": {
			"duration": "0.001096583s",
			"count": "1"
		}
	},
	"children": [
		{
			"operation": "optimizer",
			"tagGroups": [
				{
					"tags": [
						{
							"key": "_verbose",
							"value": "1"
						},
						{
							"key": "node",
							"value": "1"
						},
						{
							"key": "client",
							"value": "127.0.0.1:51230"
						},
						{
							"key": "hostssl"
						},
						{
							"key": "user",
							"value": "demo"
						}
					]
				}
			],
			"startTime": "2025-12-03T16:39:05.477421Z",
			"duration": "0.002441667s",
			"logs": [
				{
					"time": "2025-12-03T16:39:05.477517Z",
					"message": "sql/plan_opt.go:431 [n1,client=127.0.0.1:51230,hostssl,user=‹demo›] ‹query cache miss›"
				},
				{
					"time": "2025-12-03T16:39:05.478656Z",
					"message": "sql/opt/optbuilder/builder.go:239 [n1,client=127.0.0.1:51230,hostssl,user=‹demo›] optbuilder start"
				},
				{
					"time": "2025-12-03T16:39:05.478695Z",
					"message": "sql/catalog/lease/descriptor_version_state.go:128 [n1,client=127.0.0.1:51230,hostssl,user=‹demo›] descriptorVersionState.incRefCount: 100(‹\"defaultdb\"›,0101803a0d5a79d91e4617a3cf2b43228815be) ver=1:0,0, refcount=1"
				},
				{
					"time": "2025-12-03T16:39:05.479124Z",
					"message": "sql/catalog/descs/descriptor.go:132 [n1,client=127.0.0.1:51230,hostssl,user=‹demo›] looking up descriptors for ids [100]"
				},
				{
					"time": "2025-12-03T16:39:05.479144Z",
					"message": "sql/catalog/descs/descriptor.go:132 [n1,client=127.0.0.1:51230,hostssl,user=‹demo›] looking up descriptors for ids [100]"
				},
				{
					"time": "2025-12-03T16:39:05.479152Z",
					"message": "sql/catalog/descs/descriptor.go:132 [n1,client=127.0.0.1:51230,hostssl,user=‹demo›] looking up descriptors for ids [100]"
				},
				{
					"time": "2025-12-03T16:39:05.479159Z",
					"message": "sql/catalog/descs/descriptor.go:132 [n1,client=127.0.0.1:51230,hostssl,user=‹demo›] looking up descriptors for ids [100]"
				},
				{
					"time": "2025-12-03T16:39:05.479165Z",
					"message": "sql/catalog/descs/descriptor.go:132 [n1,client=127.0.0.1:51230,hostssl,user=‹demo›] looking up descriptors for ids [101]"
				},
				{
					"time": "2025-12-03T16:39:05.479177Z",
					"message": "sql/catalog/lease/descriptor_version_state.go:128 [n1,client=127.0.0.1:51230,hostssl,user=‹demo›] descriptorVersionState.incRefCount: 101(‹\"public\"›,0101803a0d5a79d91e4617a3cf2b43228815be) ver=1:0,0, refcount=1"
				},
				{
					"time": "2025-12-03T16:39:05.479189Z",
					"message": "sql/catalog/lease/descriptor_version_state.go:128 [n1,client=127.0.0.1:51230,hostssl,user=‹demo›] descriptorVersionState.incRefCount: 104(‹\"users\"›,0101803a0d5a79d91e4617a3cf2b43228815be) ver=1:0,0, refcount=1"
				},
				{
					"time": "2025-12-03T16:39:05.479197Z",
					"message": "sql/catalog/descs/descriptor.go:132 [n1,client=127.0.0.1:51230,hostssl,user=‹demo›] looking up descriptors for ids [104]"
				},
				{
					"time": "2025-12-03T16:39:05.479210Z",
					"message": "sql/catalog/descs/descriptor.go:132 [n1,client=127.0.0.1:51230,hostssl,user=‹demo›] looking up descriptors for ids [23]"
				},
				{
					"time": "2025-12-03T16:39:05.479222Z",
					"message": "sql/catalog/lease/descriptor_version_state.go:128 [n1,client=127.0.0.1:51230,hostssl,user=‹demo›] descriptorVersionState.incRefCount: 23(‹\"role_members\"›,0101803a0d5a79d91e4617a3cf2b43228815be) ver=3:0,0, refcount=1"
				},
				{
					"time": "2025-12-03T16:39:05.479434Z",
					"message": "sql/opt/optbuilder/builder.go:285 [n1,client=127.0.0.1:51230,hostssl,user=‹demo›] optbuilder finish"
				},
				{
					"time": "2025-12-03T16:39:05.479707Z",
					"message": "sql/opt/xform/optimizer.go:237 [n1,client=127.0.0.1:51230,hostssl,user=‹demo›] optimize start"
				},
				{
					"time": "2025-12-03T16:39:05.479819Z",
					"message": "sql/opt/xform/optimizer.go:286 [n1,client=127.0.0.1:51230,hostssl,user=‹demo›] optimize finish"
				}
			],
			"structuredRecords": [
			]
		},
		{
			"operation": "flow",
			"tagGroups": [
				{
					"tags": [
						{
							"key": "_verbose",
							"value": "1"
						},
						{
							"key": "node",
							"value": "1"
						},
						{
							"key": "client",
							"value": "127.0.0.1:51230"
						},
						{
							"key": "hostssl"
						},
						{
							"key": "user",
							"value": "demo"
						}
					]
				}
			],
			"startTime": "2025-12-03T16:39:05.480599Z",
			"duration": "0.002125375s",
			"logs": [
				{
					"time": "2025-12-03T16:39:05.480905Z",
					"message": "sql/colflow/vectorized_flow.go:227 [n1,client=127.0.0.1:51230,hostssl,user=‹demo›] ‹setting up vectorized flow›"
				},
				{
					"time": "2025-12-03T16:39:05.480986Z",
					"message": "sql/colflow/vectorized_flow.go:268 [n1,client=127.0.0.1:51230,hostssl,user=‹demo›] vectorized flow setup succeeded"
				},
				{
					"time": "2025-12-03T16:39:05.481107Z",
					"message": "sql/flowinfra/flow.go:460 [n1,client=127.0.0.1:51230,hostssl,user=‹demo›] starting (0 processors, 0 startables) asynchronously"
				},
				{
					"time": "2025-12-03T16:39:05.481134Z",
					"message": "sql/colflow/vectorized_flow.go:315 [n1,client=127.0.0.1:51230,hostssl,user=‹demo›] ‹running the batch flow coordinator in the flow's goroutine›"
				},
				{
					"time": "2025-12-03T16:39:05.482723Z",
					"message": "ComponentStats{ID: {20367585-a040-4f73-a9f0-d8caea458a34 FLOW 0 1 ‹us-east1›}}"
				}
			],
			"structuredRecords": [
				{
					"time": "2025-12-03T16:39:05.482719Z",
					"payload": {
						"@type": "type.googleapis.com/cockroach.sql.distsqlrun.ComponentStats",
						"component": {
							"flowId": "20367585-a040-4f73-a9f0-d8caea458a34",
							"type": "FLOW",
							"sqlInstanceId": 1,
							"region": "us-east1"
						},
						"netRx": {
							"latency": {

							},
							"waitTime": {

							},
							"deserializationTime": {

							},
							"tuplesReceived": {

							},
							"bytesReceived": {

							},
							"messagesReceived": {

							}
						},
						"netTx": {
							"tuplesSent": {

							},
							"bytesSent": {

							},
							"messagesSent": {

							}
						},
						"kv": {
							"bytesRead": {

							},
							"kvPairsRead": {

							},
							"tuplesRead": {

							},
							"batchRequestsIssued": {

							},
							"kvTime": {

							},
							"contentionTime": {

							},
							"lockWaitTime": {

							},
							"latchWaitTime": {

							},
							"numInterfaceSteps": {

							},
							"numInternalSteps": {

							},
							"numInterfaceSeeks": {

							},
							"numInternalSeeks": {

							},
							"blockBytes": {

							},
							"blockBytesInCache": {

							},
							"keyBytes": {

							},
							"valueBytes": {

							},
							"pointCount": {

							},
							"pointsCoveredByRangeTombstones": {

							},
							"rangeKeyCount": {

							},
							"rangeKeyContainedPoints": {

							},
							"rangeKeySkippedPoints": {

							},
							"kvCpuTime": {

							},
							"numGets": {

							},
							"numScans": {

							},
							"numReverseScans": {

							}
						},
						"exec": {
							"execTime": {

							},
							"maxAllocatedMem": {

							},
							"maxAllocatedDisk": {

							},
							"consumedRu": {

							},
							"cpuTime": {

							}
						},
						"output": {
							"numBatches": {

							},
							"numTuples": {

							}
						},
						"flowStats": {
							"maxMemUsage": {
								"valuePlusOne": "20481"
							},
							"maxDiskUsage": {
								"valuePlusOne": "1"
							},
							"consumedRu": {

							}
						}
					}
				}
			],
			"childrenMetadata": {
				"/cockroach.roachpb.Internal/Batch": {
					"duration": "0.000540s",
					"count": "1"
				},
				"batch flow coordinator": {
					"duration": "0.001558666s",
					"count": "1"
				},
				"colbatchscan": {
					"duration": "0.001556s",
					"count": "1",
					"containsUnfinished": true
				},
				"colindexjoin": {
					"duration": "0.001557084s",
					"count": "1",
					"containsUnfinished": true
				},
				"dist sender send": {
					"duration": "0.000760166s",
					"count": "1"
				},
				"txn coordinator send": {
					"duration": "0.001096583s",
					"count": "1"
				}
			},
			"children": [
				{
					"operation": "batch flow coordinator",
					"tagGroups": [
						{
							"tags": [
								{
									"key": "_verbose",
									"value": "1"
								},
								{
									"key": "node",
									"value": "1"
								},
								{
									"key": "client",
									"value": "127.0.0.1:51230"
								},
								{
									"key": "hostssl"
								},
								{
									"key": "user",
									"value": "demo"
								},
								{
									"key": "cockroach.flowid",
									"value": "20367585-a040-4f73-a9f0-d8caea458a34"
								},
								{
									"key": "cockroach.processorid",
									"value": "3"
								}
							]
						}
					],
					"startTime": "2025-12-03T16:39:05.481134Z",
					"duration": "0.001558666s",
					"logs": [
						{
							"time": "2025-12-03T16:39:05.482639Z",
							"message": "ComponentStats{ID: {20367585-a040-4f73-a9f0-d8caea458a34 PROCESSOR 0 1 }, KV nodes: n1, KV regions: ‹us-east1›, KV time: 1ms, KV rows decoded: 0, KV bytes read: ‹0 B›, KV gRPC calls: 1, KV pairs read: 0, MVCC step count (ext/int): ‹0/0›, MVCC seek count (ext/int): ‹1/1›, max memory allocated: ‹20 KiB›, sql cpu time: 10µs, batches output: 0, rows output: 0}"
						},
						{
							"time": "2025-12-03T16:39:05.482654Z",
							"message": "ComponentStats{ID: {20367585-a040-4f73-a9f0-d8caea458a34 PROCESSOR 1 1 }, KV time: 7µs, KV rows decoded: 0, KV bytes read: ‹0 B›, KV gRPC calls: 0, KV pairs read: 0, MVCC step count (ext/int): ‹0/0›, MVCC seek count (ext/int): ‹0/0›, used streamer, max memory allocated: ‹0 B›, max sql temp disk usage: ‹0 B›, sql cpu time: 7µs, batches output: 0, rows output: 0}"
						},
						{
							"time": "2025-12-03T16:39:05.482675Z",
							"message": "ComponentStats{ID: {20367585-a040-4f73-a9f0-d8caea458a34 PROCESSOR 2 1 }, execution time: 1µs, sql cpu time: 1µs, batches output: 0, rows output: 0}"
						},
						{
							"time": "2025-12-03T16:39:05.482682Z",
							"message": "ComponentStats{ID: {20367585-a040-4f73-a9f0-d8caea458a34 PROCESSOR 3 1 }, execution time: 9µs, max memory allocated: ‹0 B›, sql cpu time: 9µs, batches output: 0, rows output: 0}"
						}
					],
					"structuredRecords": [
						{
							"time": "2025-12-03T16:39:05.482612Z",
							"payload": {
								"@type": "type.googleapis.com/cockroach.sql.distsqlrun.ComponentStats",
								"component": {
									"flowId": "20367585-a040-4f73-a9f0-d8caea458a34",
									"type": "PROCESSOR",
									"sqlInstanceId": 1
								},
								"netRx": {
									"latency": {

									},
									"waitTime": {

									},
									"deserializationTime": {

									},
									"tuplesReceived": {

									},
									"bytesReceived": {

									},
									"messagesReceived": {

									}
								},
								"netTx": {
									"tuplesSent": {

									},
									"bytesSent": {

									},
									"messagesSent": {

									}
								},
								"kv": {
									"bytesRead": {
										"valuePlusOne": "1"
									},
									"kvPairsRead": {
										"valuePlusOne": "1"
									},
									"tuplesRead": {
										"valuePlusOne": "1"
									},
									"batchRequestsIssued": {
										"valuePlusOne": "2"
									},
									"kvTime": {
										"valuePlusOne": "0.001449460s"
									},
									"contentionTime": {
										"valuePlusOne": "0.000000001s"
									},
									"lockWaitTime": {
										"valuePlusOne": "0.000000001s"
									},
									"latchWaitTime": {
										"valuePlusOne": "0.000000001s"
									},
									"numInterfaceSteps": {
										"valuePlusOne": "1"
									},
									"numInternalSteps": {
										"valuePlusOne": "1"
									},
									"numInterfaceSeeks": {
										"valuePlusOne": "2"
									},
									"numInternalSeeks": {
										"valuePlusOne": "2"
									},
									"blockBytes": {
										"valuePlusOne": "1"
									},
									"blockBytesInCache": {
										"valuePlusOne": "1"
									},
									"keyBytes": {
										"valuePlusOne": "1"
									},
									"valueBytes": {
										"valuePlusOne": "1"
									},
									"pointCount": {
										"valuePlusOne": "1"
									},
									"pointsCoveredByRangeTombstones": {
										"valuePlusOne": "1"
									},
									"rangeKeyCount": {
										"valuePlusOne": "1"
									},
									"rangeKeyContainedPoints": {
										"valuePlusOne": "1"
									},
									"rangeKeySkippedPoints": {
										"valuePlusOne": "1"
									},
									"kvCpuTime": {

									},
									"numGets": {
										"valuePlusOne": "1"
									},
									"numScans": {
										"valuePlusOne": "2"
									},
									"numReverseScans": {
										"valuePlusOne": "1"
									},
									"nodeIds": [
										1
									],
									"regions": [
										"us-east1"
									]
								},
								"exec": {
									"execTime": {

									},
									"maxAllocatedMem": {
										"valuePlusOne": "20481"
									},
									"maxAllocatedDisk": {

									},
									"consumedRu": {
										"valuePlusOne": "1"
									},
									"cpuTime": {
										"valuePlusOne": "0.000009626s"
									}
								},
								"output": {
									"numBatches": {
										"valuePlusOne": "1"
									},
									"numTuples": {
										"valuePlusOne": "1"
									}
								},
								"flowStats": {
									"maxMemUsage": {

									},
									"maxDiskUsage": {

									},
									"consumedRu": {

									}
								}
							}
						},
						{
							"time": "2025-12-03T16:39:05.482641Z",
							"payload": {
								"@type": "type.googleapis.com/cockroach.sql.distsqlrun.ComponentStats",
								"component": {
									"flowId": "20367585-a040-4f73-a9f0-d8caea458a34",
									"type": "PROCESSOR",
									"id": 1,
									"sqlInstanceId": 1
								},
								"netRx": {
									"latency": {

									},
									"waitTime": {

									},
									"deserializationTime": {

									},
									"tuplesReceived": {

									},
									"bytesReceived": {

									},
									"messagesReceived": {

									}
								},
								"netTx": {
									"tuplesSent": {

									},
									"bytesSent": {

									},
									"messagesSent": {

									}
								},
								"kv": {
									"bytesRead": {
										"valuePlusOne": "1"
									},
									"kvPairsRead": {
										"valuePlusOne": "1"
									},
									"tuplesRead": {
										"valuePlusOne": "1"
									},
									"batchRequestsIssued": {
										"valuePlusOne": "1"
									},
									"kvTime": {
										"valuePlusOne": "0.000007s"
									},
									"contentionTime": {
										"valuePlusOne": "0.000000001s"
									},
									"lockWaitTime": {
										"valuePlusOne": "0.000000001s"
									},
									"latchWaitTime": {
										"valuePlusOne": "0.000000001s"
									},
									"numInterfaceSteps": {
										"valuePlusOne": "1"
									},
									"numInternalSteps": {
										"valuePlusOne": "1"
									},
									"numInterfaceSeeks": {
										"valuePlusOne": "1"
									},
									"numInternalSeeks": {
										"valuePlusOne": "1"
									},
									"blockBytes": {
										"valuePlusOne": "1"
									},
									"blockBytesInCache": {
										"valuePlusOne": "1"
									},
									"keyBytes": {
										"valuePlusOne": "1"
									},
									"valueBytes": {
										"valuePlusOne": "1"
									},
									"pointCount": {
										"valuePlusOne": "1"
									},
									"pointsCoveredByRangeTombstones": {
										"valuePlusOne": "1"
									},
									"rangeKeyCount": {
										"valuePlusOne": "1"
									},
									"rangeKeyContainedPoints": {
										"valuePlusOne": "1"
									},
									"rangeKeySkippedPoints": {
										"valuePlusOne": "1"
									},
									"kvCpuTime": {

									},
									"numGets": {
										"valuePlusOne": "1"
									},
									"numScans": {
										"valuePlusOne": "1"
									},
									"numReverseScans": {
										"valuePlusOne": "1"
									},
									"usedStreamer": true
								},
								"exec": {
									"execTime": {

									},
									"maxAllocatedMem": {
										"valuePlusOne": "1"
									},
									"maxAllocatedDisk": {
										"valuePlusOne": "1"
									},
									"consumedRu": {
										"valuePlusOne": "1"
									},
									"cpuTime": {
										"valuePlusOne": "0.000006834s"
									}
								},
								"output": {
									"numBatches": {
										"valuePlusOne": "1"
									},
									"numTuples": {
										"valuePlusOne": "1"
									}
								},
								"flowStats": {
									"maxMemUsage": {

									},
									"maxDiskUsage": {

									},
									"consumedRu": {

									}
								}
							}
						},
						{
							"time": "2025-12-03T16:39:05.482655Z",
							"payload": {
								"@type": "type.googleapis.com/cockroach.sql.distsqlrun.ComponentStats",
								"component": {
									"flowId": "20367585-a040-4f73-a9f0-d8caea458a34",
									"type": "PROCESSOR",
									"id": 2,
									"sqlInstanceId": 1
								},
								"netRx": {
									"latency": {

									},
									"waitTime": {

									},
									"deserializationTime": {

									},
									"tuplesReceived": {

									},
									"bytesReceived": {

									},
									"messagesReceived": {

									}
								},
								"netTx": {
									"tuplesSent": {

									},
									"bytesSent": {

									},
									"messagesSent": {

									}
								},
								"kv": {
									"bytesRead": {

									},
									"kvPairsRead": {

									},
									"tuplesRead": {

									},
									"batchRequestsIssued": {

									},
									"kvTime": {

									},
									"contentionTime": {

									},
									"lockWaitTime": {

									},
									"latchWaitTime": {

									},
									"numInterfaceSteps": {

									},
									"numInternalSteps": {

									},
									"numInterfaceSeeks": {

									},
									"numInternalSeeks": {

									},
									"blockBytes": {

									},
									"blockBytesInCache": {

									},
									"keyBytes": {

									},
									"valueBytes": {

									},
									"pointCount": {

									},
									"pointsCoveredByRangeTombstones": {

									},
									"rangeKeyCount": {

									},
									"rangeKeyContainedPoints": {

									},
									"rangeKeySkippedPoints": {

									},
									"kvCpuTime": {

									},
									"numGets": {

									},
									"numScans": {

									},
									"numReverseScans": {

									}
								},
								"exec": {
									"execTime": {
										"valuePlusOne": "0.000000626s"
									},
									"maxAllocatedMem": {

									},
									"maxAllocatedDisk": {

									},
									"consumedRu": {

									},
									"cpuTime": {
										"valuePlusOne": "0.000000668s"
									}
								},
								"output": {
									"numBatches": {
										"valuePlusOne": "1"
									},
									"numTuples": {
										"valuePlusOne": "1"
									}
								},
								"flowStats": {
									"maxMemUsage": {

									},
									"maxDiskUsage": {

									},
									"consumedRu": {

									}
								}
							}
						},
						{
							"time": "2025-12-03T16:39:05.482676Z",
							"payload": {
								"@type": "type.googleapis.com/cockroach.sql.distsqlrun.ComponentStats",
								"component": {
									"flowId": "20367585-a040-4f73-a9f0-d8caea458a34",
									"type": "PROCESSOR",
									"id": 3,
									"sqlInstanceId": 1
								},
								"netRx": {
									"latency": {

									},
									"waitTime": {

									},
									"deserializationTime": {

									},
									"tuplesReceived": {

									},
									"bytesReceived": {

									},
									"messagesReceived": {

									}
								},
								"netTx": {
									"tuplesSent": {

									},
									"bytesSent": {

									},
									"messagesSent": {

									}
								},
								"kv": {
									"bytesRead": {

									},
									"kvPairsRead": {

									},
									"tuplesRead": {

									},
									"batchRequestsIssued": {

									},
									"kvTime": {

									},
									"contentionTime": {

									},
									"lockWaitTime": {

									},
									"latchWaitTime": {

									},
									"numInterfaceSteps": {

									},
									"numInternalSteps": {

									},
									"numInterfaceSeeks": {

									},
									"numInternalSeeks": {

									},
									"blockBytes": {

									},
									"blockBytesInCache": {

									},
									"keyBytes": {

									},
									"valueBytes": {

									},
									"pointCount": {

									},
									"pointsCoveredByRangeTombstones": {

									},
									"rangeKeyCount": {

									},
									"rangeKeyContainedPoints": {

									},
									"rangeKeySkippedPoints": {

									},
									"kvCpuTime": {

									},
									"numGets": {

									},
									"numScans": {

									},
									"numReverseScans": {

									}
								},
								"exec": {
									"execTime": {
										"valuePlusOne": "0.000008835s"
									},
									"maxAllocatedMem": {
										"valuePlusOne": "1"
									},
									"maxAllocatedDisk": {

									},
									"consumedRu": {

									},
									"cpuTime": {
										"valuePlusOne": "0.000008792s"
									}
								},
								"output": {
									"numBatches": {
										"valuePlusOne": "1"
									},
									"numTuples": {
										"valuePlusOne": "1"
									}
								},
								"flowStats": {
									"maxMemUsage": {

									},
									"maxDiskUsage": {

									},
									"consumedRu": {

									}
								}
							}
						}
					],
					"childrenMetadata": {
						"/cockroach.roachpb.Internal/Batch": {
							"duration": "0.000540s",
							"count": "1"
						},
						"colbatchscan": {
							"duration": "0.001556s",
							"count": "1",
							"containsUnfinished": true
						},
						"colindexjoin": {
							"duration": "0.001557084s",
							"count": "1",
							"containsUnfinished": true
						},
						"dist sender send": {
							"duration": "0.000760166s",
							"count": "1"
						},
						"txn coordinator send": {
							"duration": "0.001096583s",
							"count": "1"
						}
					},
					"children": [
						{
							"operation": "colindexjoin",
							"tagGroups": [
								{
									"tags": [
										{
											"key": "_unfinished",
											"value": "1"
										},
										{
											"key": "_verbose",
											"value": "1"
										},
										{
											"key": "node",
											"value": "1"
										},
										{
											"key": "client",
											"value": "127.0.0.1:51230"
										},
										{
											"key": "hostssl"
										},
										{
											"key": "user",
											"value": "demo"
										},
										{
											"key": "cockroach.flowid",
											"value": "20367585-a040-4f73-a9f0-d8caea458a34"
										},
										{
											"key": "cockroach.processorid",
											"value": "1"
										}
									]
								}
							],
							"startTime": "2025-12-03T16:39:05.481138Z",
							"duration": "0.001557292s",
							"structuredRecords": [
							],
							"childrenMetadata": {
								"/cockroach.roachpb.Internal/Batch": {
									"duration": "0.000540s",
									"count": "1"
								},
								"colbatchscan": {
									"duration": "0.001556s",
									"count": "1",
									"containsUnfinished": true
								},
								"dist sender send": {
									"duration": "0.000760166s",
									"count": "1"
								},
								"txn coordinator send": {
									"duration": "0.001096583s",
									"count": "1"
								}
							},
							"children": [
								{
									"operation": "colbatchscan",
									"tagGroups": [
										{
											"tags": [
												{
													"key": "_unfinished",
													"value": "1"
												},
												{
													"key": "_verbose",
													"value": "1"
												},
												{
													"key": "node",
													"value": "1"
												},
												{
													"key": "client",
													"value": "127.0.0.1:51230"
												},
												{
													"key": "hostssl"
												},
												{
													"key": "user",
													"value": "demo"
												},
												{
													"key": "cockroach.flowid",
													"value": "20367585-a040-4f73-a9f0-d8caea458a34"
												},
												{
													"key": "cockroach.processorid",
													"value": "0"
												}
											]
										}
									],
									"startTime": "2025-12-03T16:39:05.481141Z",
									"duration": "0.001556500s",
									"logs": [
										{
											"time": "2025-12-03T16:39:05.481475Z",
											"message": "sql/row/kv_batch_fetcher.go:598 [n1,client=127.0.0.1:51230,hostssl,user=‹demo›] Scan ‹/Table/104/3/\"Doe\"{-/PrefixEnd}›"
										},
										{
											"time": "2025-12-03T16:39:05.481484Z",
											"message": "sql/row/kv_batch_fetcher.go:284 [n1,client=127.0.0.1:51230,hostssl,user=‹demo›] kv fetcher: sending a batch with 1 requests"
										}
									],
									"structuredRecords": [
									],
									"childrenMetadata": {
										"/cockroach.roachpb.Internal/Batch": {
											"duration": "0.000540s",
											"count": "1"
										},
										"dist sender send": {
											"duration": "0.000760166s",
											"count": "1"
										},
										"txn coordinator send": {
											"duration": "0.001096583s",
											"count": "1"
										}
									},
									"children": [
										{
											"operation": "txn coordinator send",
											"tagGroups": [
												{
													"tags": [
														{
															"key": "_verbose",
															"value": "1"
														},
														{
															"key": "node",
															"value": "1"
														},
														{
															"key": "client",
															"value": "127.0.0.1:51230"
														},
														{
															"key": "hostssl"
														},
														{
															"key": "user",
															"value": "demo"
														},
														{
															"key": "txnID",
															"value": "9dc9bfbe-6f26-4306-93d5-0089217242fe"
														}
													]
												}
											],
											"startTime": "2025-12-03T16:39:05.481487Z",
											"duration": "0.001096583s",
											"logs": [
												{
													"time": "2025-12-03T16:39:05.482581Z",
													"message": "kv/kvclient/kvcoord/txn_interceptor_span_refresher.go:656 [n1,client=127.0.0.1:51230,hostssl,user=‹demo›,txn=‹9dc9bfbe›] recording span to refresh: ‹/Table/104/3/\"Doe\"{-/PrefixEnd}›"
												}
											],
											"structuredRecords": [
											],
											"childrenMetadata": {
												"/cockroach.roachpb.Internal/Batch": {
													"duration": "0.000540s",
													"count": "1"
												},
												"dist sender send": {
													"duration": "0.000760166s",
													"count": "1"
												}
											},
											"children": [
												{
													"operation": "dist sender send",
													"tagGroups": [
														{
															"tags": [
																{
																	"key": "_verbose",
																	"value": "1"
																},
																{
																	"key": "node",
																	"value": "1"
																},
																{
																	"key": "client",
																	"value": "127.0.0.1:51230"
																},
																{
																	"key": "hostssl"
																},
																{
																	"key": "user",
																	"value": "demo"
																},
																{
																	"key": "txn",
																	"value": "9dc9bfbe"
																}
															]
														}
													],
													"startTime": "2025-12-03T16:39:05.481495Z",
													"duration": "0.000760166s",
													"logs": [
														{
															"time": "2025-12-03T16:39:05.481517Z",
															"message": "kv/kvclient/kvcoord/range_iter.go:183 [n1,client=127.0.0.1:51230,hostssl,user=‹demo›,txn=‹9dc9bfbe›] querying next range at /Table/104/3/‹\"Doe\"›"
														},
														{
															"time": "2025-12-03T16:39:05.481545Z",
															"message": "kv/kvclient/kvcoord/range_iter.go:220 [n1,client=127.0.0.1:51230,hostssl,user=‹demo›,txn=‹9dc9bfbe›] key: /Table/104/3/‹\"Doe\"›, desc: r75:‹/{Table/104-Max}› [(n1,s1):1, next=2, gen=1]"
														},
														{
															"time": "2025-12-03T16:39:05.481591Z",
															"message": "kv/kvclient/kvcoord/dist_sender.go:2661 [n1,client=127.0.0.1:51230,hostssl,user=‹demo›,txn=‹9dc9bfbe›] r75: sending batch ‹1 Scan› to (n1,s1):1"
														},
														{
															"time": "2025-12-03T16:39:05.481623Z",
															"message": "rpc/nodedialer/nodedialer.go:141 [n1,client=127.0.0.1:51230,hostssl,user=‹demo›,txn=‹9dc9bfbe›] ‹sending request to local client›"
														},
														{
															"time": "2025-12-03T16:39:05.481643Z",
															"message": "kv/kvclient/kvcoord/transport.go:208 [n1,client=127.0.0.1:51230,hostssl,user=‹demo›,txn=‹9dc9bfbe›] ‹sending batch request›"
														},
														{
															"time": "2025-12-03T16:39:05.482253Z",
															"message": "kv/kvclient/kvcoord/transport.go:210 [n1,client=127.0.0.1:51230,hostssl,user=‹demo›,txn=‹9dc9bfbe›] ‹received batch response›"
														}
													],
													"structuredRecords": [
													],
													"childrenMetadata": {
														"/cockroach.roachpb.Internal/Batch": {
															"duration": "0.000540s",
															"count": "1"
														}
													},
													"children": [
														{
															"operation": "/cockroach.roachpb.Internal/Batch",
															"tagGroups": [
																{
																	"tags": [
																		{
																			"key": "_verbose",
																			"value": "1"
																		},
																		{
																			"key": "node",
																			"value": "1"
																		},
																		{
																			"key": "span.kind",
																			"value": "server"
																		},
																		{
																			"key": "request",
																			"value": "Scan [/Table/104/3/\"Doe\",/Table/104/3/\"Doe\"/PrefixEnd), [txn: 9dc9bfbe], [max_span_request_keys: 0], [target_bytes: 10485760]"
																		}
																	]
																}
															],
															"startTime": "2025-12-03T16:39:05.481655Z",
															"duration": "0.000540s",
															"logs": [
																{
																	"time": "2025-12-03T16:39:05.481666Z",
																	"message": "server/node.go:1612 [n1] node received request: ‹1 Scan›"
																},
																{
																	"time": "2025-12-03T16:39:05.481746Z",
																	"message": "kv/kvserver/store_send.go:149 [n1,s1] executing Scan [/Table/104/3/‹\"Doe\"›,/Table/104/3/‹\"Doe\"›/‹PrefixEnd›), [txn: 9dc9bfbe], [max_span_request_keys: 0], [target_bytes: 10485760]"
																},
																{
																	"time": "2025-12-03T16:39:05.481759Z",
																	"message": "kv/kvserver/replica_send.go:171 [n1,s1,r75/1:/{Table/104-Max}] read-only path"
																},
																{
																	"time": "2025-12-03T16:39:05.481802Z",
																	"message": "kv/kvserver/concurrency/concurrency_manager.go:259 [n1,s1,r75/1:/{Table/104-Max}] sequencing request"
																},
																{
																	"time": "2025-12-03T16:39:05.481812Z",
																	"message": "kv/kvserver/concurrency/concurrency_manager.go:340 [n1,s1,r75/1:/{Table/104-Max}] acquiring latches"
																},
																{
																	"time": "2025-12-03T16:39:05.481822Z",
																	"message": "kv/kvserver/concurrency/concurrency_manager.go:384 [n1,s1,r75/1:/{Table/104-Max}] scanning lock table for conflicting locks"
																},
																{
																	"time": "2025-12-03T16:39:05.481887Z",
																	"message": "kv/kvserver/replica_read.go:308 [n1,s1,r75/1:/{Table/104-Max}] can drop latches early for batch (Scan [/Table/104/3/‹\"Doe\"›,/Table/104/3/‹\"Doe\"›/‹PrefixEnd›), [txn: 9dc9bfbe], [max_span_request_keys: 0], [target_bytes: 10485760]); scanning lock table first to detect conflicts"
																},
																{
																	"time": "2025-12-03T16:39:05.481927Z",
																	"message": "storage/engine.go:2095 [n1,s1,r75/1:/{Table/104-Max}] lock table scan stats: ‹seeked 1 times (1 internal); stepped 0 times (0 internal)›"
																},
																{
																	"time": "2025-12-03T16:39:05.481938Z",
																	"message": "kv/kvserver/replica_read.go:120 [n1,s1,r75/1:/{Table/104-Max}] lock table scan complete without conflicts; dropping latches early"
																},
																{
																	"time": "2025-12-03T16:39:05.481953Z",
																	"message": "kv/kvserver/replica_read.go:421 [n1,s1,r75/1:/{Table/104-Max}] executing read-only batch"
																},
																{
																	"time": "2025-12-03T16:39:05.482137Z",
																	"message": "kv/kvserver/replica_evaluate.go:563 [n1,s1,r75/1:/{Table/104-Max}] evaluated Scan command ‹header:\u003ckvnemesis_seq:\u003c\u003e key:\"\\360\\213\\022Doe\\000\\001\" end_key:\"\\360\\213\\022Doe\\000\\002\" \u003e scan_format:BATCH_RESPONSE ›, txn=\"sql txn\" meta={id=9dc9bfbe key=/Min iso=Serializable pri=0.06542848 epo=0 ts=1764779945.477322000,0 min=1764779945.477322000,0 seq=0} lock=false stat=PENDING rts=1764779945.477322000,0 wto=false gul=1764779945.977322000,0 obs={n1@1764779945.477322000,0} : resp=‹header:\u003c\u003e col_batches:\u003c\u003e ›, err=\u003cnil\u003e"
																},
																{
																	"time": "2025-12-03T16:39:05.482164Z",
																	"message": "n1 scan stats: stepped 0 times (0 internal); seeked 1 times (1 internal); block-bytes: (total 0 B, cached 0 B, duration 0s); points: (count 0, key-bytes 0 B, value-bytes 0 B, tombstoned: 0) ranges: (count 0), (contained-points 0, skipped-points 0) evaluated requests: 0 gets, 1 scans, 0 reverse scans"
																},
																{
																	"time": "2025-12-03T16:39:05.482177Z",
																	"message": "kv/kvserver/replica_read.go:233 [n1,s1,r75/1:/{Table/104-Max}] read completed"
																},
																{
																	"time": "2025-12-03T16:39:05.482195Z",
																	"message": "server/node.go:1706 [n1] node sending response"
																}
															],
															"structuredRecords": [
																{
																	"time": "2025-12-03T16:39:05.482144Z",
																	"payload": {
																		"@type": "type.googleapis.com/cockroach.roachpb.ScanStats",
																		"numInterfaceSeeks": "1",
																		"numInternalSeeks": "1",
																		"numScans": "1",
																		"nodeId": 1,
																		"region": "us-east1"
																	}
																}
															]
														}
													]
												}
											]
										}
									]
								}
							]
						}
					]
				}
			]
		},
		{
			"operation": "commit sql txn",
			"tagGroups": [
				{
					"tags": [
						{
							"key": "_verbose",
							"value": "1"
						},
						{
							"key": "node",
							"value": "1"
						},
						{
							"key": "client",
							"value": "127.0.0.1:51230"
						},
						{
							"key": "hostssl"
						},
						{
							"key": "user",
							"value": "demo"
						}
					]
				}
			],
			"startTime": "2025-12-03T16:39:05.482844Z",
			"duration": "0.000005625s",
			"structuredRecords": [
			]
		}
	]
}